{
    "loss": [
        0.9029901100497595,
        0.7520450792301998,
        0.6236365194596015,
        0.5303748596336512,
        0.4667721899289249,
        0.41955305209312127,
        0.3780395998372228,
        0.34144431215112997,
        0.30788035099275307,
        0.27771705752006925,
        0.25068146371339006,
        0.2279096940415436,
        0.22075211797068653,
        0.22013718727526504,
        0.21983453126142138,
        0.22057420547361317,
        0.2169592703612728,
        0.21450116644992823,
        0.21290864082481442,
        0.21125665723148704,
        0.21122368575636447,
        0.21073650231469399,
        0.2102108273172396,
        0.2103145313316059,
        0.20952189171177013,
        0.20968045999779827,
        0.20963171858173119,
        0.20966723048903887,
        0.20905228547345206,
        0.20889160282718972
    ],
    "lambda": [
        0.027260044587639375,
        0.1374154276523367,
        0.2885535532464071,
        0.43590072030875926,
        0.5555684271241226,
        0.6466803162282965,
        0.7223764645358333,
        0.8017257347985178,
        0.9026008732381736,
        1.054706097800095,
        1.3160181873534367,
        0.9961673079748115,
        1.0163184992673004,
        0.9951155049359095,
        0.3139430301028893,
        9.37949794123618e-05,
        0.00035565681001631426,
        0.0006803327936553243,
        0.0007516043972672885,
        0.000879127719168024,
        0.0008515485549329012,
        0.0011106549182576823,
        0.0010915978885948454,
        0.0007914998718814747,
        0.000917335554145206,
        0.0010576272001191825,
        0.0008306593629519458,
        0.0007824504982903229,
        0.0011053021384746866,
        0.0007299909801224113
    ],
    "Z_norm_mean": [
        0.03562212937794739,
        0.05147494800247714,
        0.07421178441817018,
        0.10564405168691976,
        0.13793304087812025,
        0.16475159104676926,
        0.1866978946844973,
        0.20782207345435755,
        0.24253022587746437,
        0.3432790392002031,
        2.3249676205436405,
        8.134696353468982,
        13.687938040001349,
        11.645439839920854,
        7.5990758874449105,
        2.3483516789261754,
        2.161986567387119,
        2.036413568924494,
        1.935543344005793,
        1.8485017346043238,
        1.7740897176170987,
        1.7068471487596315,
        1.6451703820403871,
        1.588103258472546,
        1.534382055605206,
        1.4831652984360626,
        1.4343371767560391,
        1.3880916125173246,
        1.343257118502028,
        1.3001788836449795
    ],
    "B_norm_mean": [
        0.0012121847532001369,
        0.0009163440335016301,
        0.0011300041473522849,
        0.001230049328639034,
        0.0012375463144020259,
        0.001192483815478318,
        0.001193547708172914,
        0.0012362159175969137,
        0.0014163586273000912,
        0.0022725918875973307,
        0.013465591029544501,
        0.03766371830301882,
        0.04999017582378377,
        0.03622450916918954,
        0.018722241754471396,
        0.0010759326813668511,
        0.0009023572419065604,
        0.000779381485659708,
        0.0007018846577442172,
        0.0006275287222579216,
        0.0006014234263614522,
        0.0005736517601650287,
        0.0005469759591176243,
        0.0005256731922171437,
        0.0005136164167402758,
        0.0005091691302660212,
        0.0005019826105924796,
        0.0004714265956989162,
        0.0004924540873314331,
        0.00047240564345447516
    ],
    "Hv_norm_mean": [
        0.19508511060416545,
        0.23540379832413308,
        0.26177700953416294,
        0.27630188544355183,
        0.2843406192330326,
        0.2893402287940575,
        0.2842627109159469,
        0.2635927127941895,
        0.22613830808543203,
        0.41351846532223174,
        26.31477463754455,
        81.35454619103456,
        207.1213353125526,
        157.42233800197508,
        138.27593219408615,
        2.782111543640522,
        1.7552177824586286,
        1.4568713152227108,
        1.2297257105745527,
        1.10784363613844,
        0.9375957690602645,
        0.9033512872610223,
        0.7716863945076734,
        0.7739845048615448,
        0.6877996264626624,
        0.6820008326674588,
        0.6352587631542888,
        0.6381757572774678,
        0.5558017862803689,
        0.5448285880648333
    ],
    "A_dot_Z_norm_mean": [
        0.03445756165507864,
        0.05069005359731949,
        0.0732829887330023,
        0.10466785805844216,
        0.13700317591152092,
        0.16389234776263162,
        0.185885345071521,
        0.20702876872702952,
        0.24160616762169754,
        0.341571847435448,
        2.3119661789422046,
        8.09790549152543,
        13.639170388860238,
        11.61064940883553,
        7.582225988577876,
        2.348184094480365,
        2.161886489838417,
        2.0363406692788897,
        1.9354890025418972,
        1.8484602247610704,
        1.7740568317005372,
        1.7068198006524058,
        1.6451473986841336,
        1.588083000108738,
        1.5343636855554987,
        1.4831480585948889,
        1.434321025026097,
        1.3880761756447226,
        1.3432420442151263,
        1.3001643337815656
    ],
    "g_lambda": [
        -0.008470321193180433,
        -0.016262886469586825,
        -0.01849786190449572,
        -0.015687127172603867,
        -0.01243195261196204,
        -0.009414440683530824,
        -0.00871978652851315,
        -0.010258117355918113,
        -0.013809537692109625,
        -0.023931875728095634,
        0.03248066565515027,
        -0.07678727600329258,
        0.003428918032499215,
        0.017861305967366167,
        0.2023708826225601,
        0.09499552744695612,
        0.040652513639594025,
        0.021161637018924744,
        0.008981216940274922,
        0.004915966079119044,
        0.002928198480510353,
        0.0022842635682791285,
        0.0024484742057260377,
        0.003004049466604023,
        0.0018575922651731676,
        0.0027615454127264895,
        0.0021680446785680655,
        0.0019061074636396223,
        0.0013215605638481364,
        0.0017753191512926024
    ],
    "grad_norm_mean": [
        1.0889383214935688,
        0.9809872731372764,
        0.9468156819090363,
        0.9793429399483982,
        0.9146735973177548,
        0.9176940740460673,
        0.9430009663614074,
        0.9332647993800988,
        0.9586285894969737,
        0.8931480806820286,
        1.7575041373069076,
        2.680522067193599,
        4.2849207361790045,
        3.3569216532553168,
        2.9804318938342074,
        0.904803753784497,
        0.8604523424229301,
        0.9149942818601646,
        0.9132219795130727,
        0.9621479725510137,
        0.9058973188963336,
        0.9816804199558715,
        0.8575892617522762,
        0.962931171164741,
        0.877832621479849,
        0.9371288214923279,
        0.8760105745525906,
        0.9934967747860756,
        0.8518959761462688,
        0.9047859885459756
    ],