{
    "mse": 2.1925249099731445,
    "rmse": 1.480717658996582,
    "mae": 1.1579252481460571,
    "pairwise_pearson_correlation": 0.9936467431325984,
    "mean_variance_around_ensemble": 0.004106270825336268,
    "time_in_seconds": 14.894402125035413,
    "params": {
        "lambda_init": 0.0,
        "lambda_lr": 0.1
    }
}