{
    "loss": [
        1.0242718274252756,
        0.8472041715213231,
        0.636047187941415,
        0.44923031047412326,
        0.4174245553016663,
        0.3762989156927381,
        0.34103539385114395,
        0.32544454496247427,
        0.31543634481089455,
        0.30965537856306347,
        0.3070376272882734,
        0.3043317538670131,
        0.301844004545893,
        0.29976796204703193,
        0.2977818793654442,
        0.29668325792040146,
        0.29513641431501936,
        0.2937320009810584,
        0.2916049460002354,
        0.2908919595990862,
        0.2904986138003213,
        0.28954321079594747,
        0.2880388189639364,
        0.285907873579434,
        0.28647482865197316,
        0.284983387027468,
        0.2846145847524915,
        0.2833189248953547,
        0.2817192212683814,
        0.28139625683852604
    ],
    "lambda": [
        0.030305516569043643,
        0.34543041024889265,
        1.2784126671382359,
        1.4451693089689528,
        0.20042493649891444,
        0.0,
        7.398803744997297e-05,
        0.000291521783385958,
        0.00036231827310153415,
        0.00031657101453414985,
        0.0002835624569228717,
        0.0003378031118107694,
        0.00010606304283386894,
        0.00011199015372299723,
        0.00014887801251773324,
        0.00010229966392008853,
        0.00017993785946496894,
        0.00013691154521490846,
        0.00022221155078815563,
        0.00027800182572432924,
        0.0004626481336142336,
        0.0004131381936105234,
        0.00030636026111564466,
        0.0002993114338855126,
        0.0002910819539933332,
        0.0003272838587207454,
        0.0002755834079746689,
        0.0002620272950901251,
        0.00033157340317432367,
        0.00035041065474173853
    ],
    "Z_norm_mean": [
        0.03416183546824115,
        0.08993292205674308,
        0.3024039805276053,
        4.308889354160854,
        4.172787753241403,
        1.7696700301851545,
        1.3416145248413085,
        1.0860298851558141,
        0.9105524680273873,
        0.7755928970064435,
        0.6662843164035253,
        0.5745929069519043,
        0.49739645559447154,
        0.4319750165258135,
        0.37573190913881577,
        0.32801879835128783,
        0.2877280317715236,
        0.25317470274652754,
        0.22404243879658836,
        0.19866163521153588,
        0.17791268481527056,
        0.1599273329973221,
        0.1450938457931791,
        0.1319932324205126,
        0.12155878393990653,
        0.11237485299791608,
        0.10494440021685192,
        0.09960416271005358,
        0.09436366304329463,
        0.0897552199789456
    ],
    "B_norm_mean": [
        0.0008955708653000849,
        0.0014379653771008764,
        0.004114312858453819,
        0.029091292357870512,
        0.01440097042998033,
        0.0027604318191962584,
        0.002870432651468686,
        0.0030060587700988565,
        0.0028943620079330034,
        0.0028819761356072768,
        0.0027077875531145504,
        0.002607418168336153,
        0.002493882845022849,
        0.0023605734309447663,
        0.002302639621110367,
        0.002309578035026789,
        0.0022307200436480342,
        0.00219459483745907,
        0.002149321564340166,
        0.002077606626387153,
        0.002109282523925815,
        0.002092222306079098,
        0.00207405598834157,
        0.0020407618968082326,
        0.0020662122320915972,
        0.0020353017481310027,
        0.0021063777479742255,
        0.0020653107855136375,
        0.0020842592548578976,
        0.002053952658548951
    ],
    "Hv_norm_mean": [
        0.0278812784659011,
        0.06993485246385847,
        0.4052160401344299,
        8.11437994493757,
        6.855443752288818,
        0.9747425804138183,
        0.5503553022657122,
        0.41196709442138674,
        0.30320433098929267,
        0.255601005094392,
        0.21454508406775338,
        0.1856602808407375,
        0.159716671194349,
        0.14213428817476545,
        0.12193528874431338,
        0.10900679918697902,
        0.09931259481395995,
        0.08695031407049723,
        0.07892021540233067,
        0.07188054840905325,
        0.06923541350024087,
        0.06339198129517691,
        0.05888560664653778,
        0.05806576261350087,
        0.05398937640871321,
        0.052147105182920185,
        0.05138720418725695,
        0.050191661123718534,
        0.0469490082349096,
        0.04763514772483281
    ],
    "A_dot_Z_norm_mean": [
        0.033353763183312755,
        0.08872816555840629,
        0.29887679897035874,
        4.282805275508336,
        4.161395049231393,
        1.7695304152624947,
        1.3415294791630337,
        1.0859061550412858,
        0.9104126131875174,
        0.7754464928763254,
        0.6661426003319877,
        0.5744540477480207,
        0.4972647541591099,
        0.4318451917852674,
        0.3756048621109554,
        0.3278905623640333,
        0.2875997123718262,
        0.2530444595813751,
        0.22391390238489423,
        0.1985323464018958,
        0.17777631207874844,
        0.1597896307877132,
        0.14495448953764778,
        0.13184951169150216,
        0.1214117187176432,
        0.1122253240432058,
        0.10478969668490547,
        0.09944654439176832,
        0.09420558615241732,
        0.08959020209312439
    ],
    "g_lambda": [
        -0.0020224408099810327,
        -0.009981453756136554,
        -0.02991356925027711,
        0.04428109134946551,
        0.15192812245232717,
        0.17832866900307792,
        0.06778384578334434,
        0.02963475442784173,
        0.015237428209611348,
        0.00960228395941002,
        0.007109760075674525,
        0.004946508986343231,
        0.004223278032482735,
        0.0032755190513229795,
        0.00253608655656821,
        0.001931839222587379,
        0.0013973649237304926,
        0.0012078367602080106,
        0.0008891439672027315,
        0.0006749765960765736,
        0.00047685553239924566,
        0.0003925044766760298,
        0.0004118415668074574,
        0.0003709739183874002,
        0.0003671931029031319,
        0.0003571203160764916,
        0.0003934699594309287,
        0.0003599117581533002,
        0.00022040510629968985,
        0.00025499325072658914
    ],
    "grad_norm_mean": [
        0.4446233899933951,
        0.5342026578358241,
        0.6160865622929165,
        1.8145162771769932,
        1.042170167514256,
        0.71442929485866,
        0.7915406893321446,
        0.8524948997497559,
        0.7978315621784755,
        0.8458173438480923,
        0.8619765883854458,
        0.8917179291588919,
        0.8827368484224591,
        0.904404304776873,
        0.879232028075627,
        0.9052273475102016,
        0.9611512342180525,
        0.8865910410199846,
        0.9088817415918623,
        0.9446268561226981,
        0.9552538426262992,
        0.9583768454960414,
        0.937942784173148,
        0.9237180369240897,
        0.9252778828484671,
        0.9589846842629569,
        0.9637235998426165,
        0.9586787103244236,
        0.8901909648350307,
        0.9963745974131993
    ],