{
    "cross_entropy": 0.3077855706214905,
    "balanced_accuracy": 0.8648080860260402,
    "macro_f1_score": 0.8646016561081694,
    "disagreement": 0.02646428586116859,
    "mean_pairwise_js_divergence": 0.0027878135026964757,
    "time_in_seconds": 54.23037108400604,
    "params": {
        "lambda_init": 0.0,
        "lambda_lr": 0.5
    }
}