{
    "loss": [
        0.3398913273130144,
        0.2456610452107021,
        0.22669164981160844,
        0.20748556435108184,
        0.1975439895732062,
        0.1876976833002908,
        0.1788942089676857,
        0.1681637597094689,
        0.1669811927910362,
        0.15757104477286338,
        0.15032612543872426,
        0.14436763612713133,
        0.1343535623720714,
        0.1349353317788669,
        0.13053554032530104,
        0.11740298817413194,
        0.11401574472870145,
        0.11178234272130898,
        0.10501331715924399,
        0.09697667069520269,
        0.09399341835507324,
        0.08936093359440565,
        0.08372952322874751,
        0.08336993811971374,
        0.07675196397304535,
        0.07724944551501955,
        0.06653362948553902,
        0.06955238158362252,
        0.058995321207812854,
        0.06737269989933287
    ],
    "lambda": [
        0.02952656870548214,
        0.10777859035560063,
        0.1154460033263479,
        0.09849557806764331,
        0.07827166518143246,
        0.06399618803603309,
        0.05282562366127968,
        0.04103936042104449,
        0.041007147669792174,
        0.05378875809907913,
        0.06316060422148023,
        0.06690866418395723,
        0.07975510958262852,
        0.1103066469345774,
        0.11057820679460253,
        0.13833144761834826,
        0.21767561159815108,
        0.26326557639666964,
        0.28322287041800365,
        0.4021239902291979,
        0.45247933530807494,
        0.43747065911974226,
        0.5222057055745806,
        0.5147453074455262,
        0.5597155777386257,
        0.5292189967972891,
        0.3598447393349239,
        0.48028182118279594,
        0.5659523334503174,
        0.6287932010378157
    ],
    "Z_norm_mean": [
        0.10085374002797264,
        0.14207814846720015,
        0.12714259496756963,
        0.12187632395539964,
        0.11896586688927242,
        0.1267362049307142,
        0.14656777099200657,
        0.14618552710328783,
        0.17354577197347368,
        0.1804017972605569,
        0.20935946784700665,
        0.2252788224220276,
        0.23182030378069196,
        0.2650152713230678,
        0.3164169109889439,
        0.27104564598628456,
        0.30902789987836565,
        0.34566062787600926,
        0.3425683193206787,
        0.37978206784384594,
        0.41207026365825106,
        0.4958587610721588,
        0.48455097368785316,
        0.5814219306537083,
        0.5714016124861581,
        0.5703635909216744,
        0.5831664475713457,
        0.6594208445549011,
        0.5807745434897287,
        1.3167243818555558
    ],
    "B_norm_mean": [
        0.021202835906829153,
        0.029152809032372065,
        0.028174016701323645,
        0.02734947954118252,
        0.02845794891672475,
        0.029288202018610068,
        0.03434798104422433,
        0.034008917472341894,
        0.04056862764379808,
        0.04097792393394879,
        0.0459297978649182,
        0.048457508397953854,
        0.05051561519077846,
        0.05828346583034311,
        0.060783442006579466,
        0.05491304640684809,
        0.06310412101234708,
        0.06854769465965883,
        0.06650220525291349,
        0.06855133425231491,
        0.07624723751842975,
        0.08121750995503473,
        0.08645954721314567,
        0.09955994232850415,
        0.09501457370391914,
        0.09739292196716581,
        0.08615949607853378,
        0.10884103324902909,
        0.09023174283294273,
        0.11039858726624932
    ],
    "Hv_norm_mean": [
        0.04336673605442047,
        0.0602362978373255,
        0.05494325125217438,
        0.054379497826099396,
        0.055674170996461596,
        0.06137023094722203,
        0.07749018150568009,
        0.07978454802291735,
        0.10225056183338166,
        0.09837812491825648,
        0.12937140095233918,
        0.14603259212630135,
        0.14830462299074446,
        0.17926008888653347,
        0.2013331551722118,
        0.16534736919403076,
        0.18882948558671134,
        0.2222302175249372,
        0.2147767448084695,
        0.23029612146105086,
        0.2753279915877751,
        0.3235378953729357,
        0.3138075524738857,
        0.38161154931783675,
        0.39276771177564346,
        0.37691376556668965,
        0.4137240710428783,
        0.499694649202483,
        0.4006411228690829,
        1.013419423035213
    ],
    "A_dot_Z_norm_mean": [
        0.09382031181880406,
        0.1353603193249021,
        0.12116322842666082,
        0.11630773907899856,
        0.11312201344966888,
        0.12078406362874167,
        0.13967691877910068,
        0.13915455744947705,
        0.16523700068678174,
        0.17260765712601797,
        0.19974250338758742,
        0.21544672656059266,
        0.22231607675552367,
        0.25297333581107,
        0.3052858609642301,
        0.26049831090654646,
        0.29677518575532097,
        0.33284237224715096,
        0.329556183712823,
        0.3661482069151742,
        0.3958343448638916,
        0.48073213604518344,
        0.4666118827547346,
        0.563934170791081,
        0.5537425362042019,
        0.5527813471385411,
        0.5671404762949263,
        0.6412878410475594,
        0.5641489672660828,
        1.297841923713684
    ],
    "g_lambda": [
        -0.0013281613342530493,
        -0.0007172395845076868,
        1.646846639258521e-05,
        0.0004163121698158128,
        0.00037047752225771545,
        9.820423870613533e-05,
        0.0002391922850427883,
        0.0003378762323409319,
        -0.00019752877112478017,
        -0.0005529161035748465,
        0.00011814338248223066,
        -3.5418212679880006e-05,
        -0.0002347824491028275,
        -0.0008030054053025586,
        5.196701096636908e-05,
        -0.0010547426891114031,
        -0.001758389726015074,
        0.0002606704533100128,
        -0.001922705918018307,
        -0.001262237928275551,
        0.0006394729441297906,
        -0.001542775467570339,
        -0.0009395396592361587,
        -0.00041302962814058575,
        -0.0008689005428126881,
        0.0027741425106567997,
        0.0037402172038065538,
        -0.005771436494375978,
        0.00023365987837314605,
        -0.009064023923661027
    ],
    "grad_norm_mean": [
        0.4136921965735299,
        0.5107094086919512,
        0.5457505437305995,
        0.536793562071664,
        0.5443189191818237,
        0.5343762104851859,
        0.562882829938616,
        0.5494280041371074,
        0.6105094116755895,
        0.5936627400602613,
        0.605549015385764,
        0.6052022321564811,
        0.6086361786978586,
        0.6553768204280308,
        0.6451660530907767,
        0.5971898151125227,
        0.63212167767116,
        0.6423696079424449,
        0.6241937061718532,
        0.5850274788311549,
        0.6016887066023691,
        0.6101703593305179,
        0.593875875064305,
        0.6389618306841169,
        0.6148273344039917,
        0.6126446848596845,
        0.5941308637687138,
        0.658743452004024,
        0.5419619509918349,
        0.5899476436206272
    ],