{
    "loss": [
        0.338555926322937,
        0.2446837899344308,
        0.22620033720561436,
        0.20730718852792468,
        0.19714634961741312,
        0.18699177203859602,
        0.17832994186878204,
        0.1664817590617708,
        0.16557290165764946,
        0.15591915656413352,
        0.148640419619424,
        0.1424276469179562,
        0.1333567748410361,
        0.1339701572401183,
        0.1284429412143571,
        0.11602210159174034,
        0.11194469430616924,
        0.11145675071435315,
        0.10550571486141,
        0.09791034582789455,
        0.09498185331480843,
        0.09381131899889027,
        0.08480970341818674,
        0.08542121471730726,
        0.0800663248481495,
        0.07999680441617965,
        0.06732825520634651,
        0.07285659629106521,
        0.06187927865130561,
        0.06449267502767699
    ],
    "lambda": [
        0.5057144395964486,
        0.5264401682444981,
        0.5378984424727303,
        0.5297301018578665,
        0.5164148349761963,
        0.495543669291905,
        0.47824531384876795,
        0.46432210973330906,
        0.4539330544471741,
        0.44367946795054847,
        0.43606093444143024,
        0.4279030331202916,
        0.42199498646599903,
        0.40964396268980846,
        0.4194320667811802,
        0.4041080244609288,
        0.38197597663743155,
        0.38189824278014045,
        0.3665777905327933,
        0.34043367075920106,
        0.314027030978884,
        0.30013976420675004,
        0.31660288184029717,
        0.3518565902369363,
        0.3729936121872493,
        0.35435785354886734,
        0.3390739801951817,
        0.3299517638683319,
        0.3839055974142892,
        0.4252922072410584
    ],
    "Z_norm_mean": [
        0.17538433802127837,
        0.2780387237412589,
        0.31232818147114344,
        0.28037804245948794,
        0.26556607260022846,
        0.2698417110954012,
        0.260820126414299,
        0.25999634102412633,
        0.2983246828828539,
        0.28983274129458836,
        0.340429538828986,
        0.3383618688923972,
        0.3485910425867353,
        0.4118874914305551,
        0.4548067651816777,
        0.38865613293647766,
        0.4375548993519374,
        0.4767259952340807,
        0.4356811133112226,
        0.4944096474306924,
        0.4736941657747541,
        0.5332975968633379,
        0.49518497378485543,
        0.580569299697876,
        0.5470471828324455,
        0.5632793598856245,
        0.5393582251412528,
        0.6753905208451407,
        0.5701752234867641,
        0.7214055119241987
    ],
    "B_norm_mean": [
        0.02678428898538862,
        0.04016372296639851,
        0.040336343135152546,
        0.04053834413417748,
        0.04257109842130116,
        0.04332343536189624,
        0.047939808068530904,
        0.049457411532157235,
        0.0570932581158621,
        0.05706508794746229,
        0.06507785750499794,
        0.06570006900174277,
        0.07086948155505317,
        0.08002298649187599,
        0.08036029683479241,
        0.07675121190292494,
        0.08343015768272537,
        0.09011581690183708,
        0.08163074351740734,
        0.08505689982857023,
        0.08787695482905422,
        0.09266222112080348,
        0.08458415134676865,
        0.0960713113120624,
        0.09348507483729294,
        0.10022144178194659,
        0.08485594539344311,
        0.11372677480110101,
        0.08687775755035025,
        0.09788911901414395
    ],
    "Hv_norm_mean": [
        0.07696333267007555,
        0.12145351164681571,
        0.1380441265446799,
        0.11761171334130423,
        0.11133605088506426,
        0.11616951922007969,
        0.11881589005674635,
        0.12170513723577772,
        0.15486978524923325,
        0.14203937911987305,
        0.1860722749062947,
        0.18810149274553573,
        0.19560376569202967,
        0.2559687354224069,
        0.2644604456765311,
        0.2222737180846078,
        0.24691495384488787,
        0.2917427725110735,
        0.26365079641342165,
        0.30590008459772383,
        0.3134436515399388,
        0.3585577806830406,
        0.32660103375571115,
        0.4081373354026249,
        0.3729448675428118,
        0.37217884308951243,
        0.3534718292270388,
        0.5297412242037909,
        0.39402542884009223,
        0.524247100182942
    ],
    "A_dot_Z_norm_mean": [
        0.16454832909788406,
        0.2660918766089848,
        0.3006696915285928,
        0.2693991393021175,
        0.25412316186087475,
        0.2587857961484364,
        0.24946651676722936,
        0.24835211563110351,
        0.2849587097508567,
        0.2774485031877245,
        0.3253114818845476,
        0.3245645580972944,
        0.334273733990533,
        0.39413572992597307,
        0.4394294711181096,
        0.3723225495815277,
        0.4218159783567701,
        0.4590781788485391,
        0.41936547235080174,
        0.4773349548748561,
        0.45668497834886823,
        0.5163671201978411,
        0.47844923291887553,
        0.563060234274183,
        0.5304593776975359,
        0.5449836609022958,
        0.5235988339015416,
        0.6559546609606062,
        0.5537522787366594,
        0.7034718810490199
    ],
    "g_lambda": [
        -0.0015111111876155649,
        -0.001464039028755256,
        -0.00028050829683031353,
        0.0011212378954514862,
        0.0014856765254932854,
        0.0014941033985731856,
        0.0019742996618151666,
        0.0012049861095313516,
        0.0009998885276062148,
        -6.475753776196922e-05,
        0.0015644865033349821,
        -7.187220347779137e-05,
        0.0012604517887479492,
        0.0005858945144074304,
        -0.0005908412709832192,
        0.0022848397956362794,
        0.0005202163181134633,
        0.0005722445169729846,
        0.001332633428275585,
        0.00410187804805381,
        0.001634163768163749,
        0.0002151407567518098,
        -0.002211320802037205,
        -0.005726855786783355,
        0.002201777166553906,
        0.0003618005466248308,
        0.004073134028485843,
        -0.004590801356094224,
        -0.0036507763881236314,
        -0.0037756888536470278
    ],
    "grad_norm_mean": [
        0.4155378356661115,
        0.5127492057936532,
        0.5458384718213762,
        0.5431067935398647,
        0.5503651827403477,
        0.5418939674922398,
        0.566633552142552,
        0.5517989775879042,
        0.61243407028062,
        0.5962314255578177,
        0.6068042704718454,
        0.6023924132755825,
        0.6112441419873919,
        0.6525724881035941,
        0.6403165943963187,
        0.6075166395051139,
        0.6288388463429042,
        0.6451003098487854,
        0.6435570247173309,
        0.6124627745832716,
        0.6334428206171309,
        0.6537222588743482,
        0.6136418125970023,
        0.658168108190809,
        0.6504680329731533,
        0.6468026591709682,
        0.5857706657818386,
        0.6966343279225485,
        0.5710125500474658,
        0.6192164761679513
    ],
    "val_loss": [
        0.274412207365036,
        0.24923100888729097,
        0.23811690688133239,
        0.2470217414498329,
        0.26066176426410675,
        0.2497757794857025,
        0.19186653143167495,
        0.19067304813861846,
        0.1982818011045456,
        0.1903827910423279,
        0.20738397142291068,
        0.18690780997276307,
        0.1859785293340683,
        0.20464991998672485,
        0.1741381689310074,
        0.18367532962560654,
        0.1909346420764923,
        0.18843887144327165,
        0.19879021126031876,
        0.21656152909994125,
        0.19488210290670394,
        0.20316287979483605,
        0.22014194667339326,
        0.2011049947142601,
        0.23561295491456985,
        0.20639972549676894,
        0.21993234239518641,
        0.22614305698126555,
        0.21678197891265155,
        0.2111907913684845
    ],