{
    "loss": [
        0.8979677006386488,
        0.7410974066871894,
        0.609134313002688,
        0.5034687366243902,
        0.4380841354067955,
        0.3946005933531766,
        0.36598543180903226,
        0.32117285086703135,
        0.2935359295730116,
        0.34928795197308393,
        0.2914213388577253,
        0.26061801348439034,
        0.24265723006237497,
        0.23066993363165653,
        0.2223834291368867,
        0.21825238956623347,
        0.2153362084886995,
        0.21344200261919374,
        0.2123062066648071,
        0.21092553732234043,
        0.21105872382639157,
        0.21068349700854075,
        0.21016303471725667,
        0.2103111739113036,
        0.20953801287579527,
        0.2097020274504737,
        0.20964066196762848,
        0.20966189295728543,
        0.2090654510062643,
        0.20888900845368644
    ],
    "lambda": [
        0.5208264728527373,
        0.6417720802114482,
        0.8944957541392454,
        1.2176065360176223,
        1.061452059952955,
        0.9931779718292809,
        1.0411693751867315,
        1.0405856923369994,
        0.9346233117195296,
        0.0010941036652830334,
        0.0,
        3.9891515866425506e-05,
        0.00035628861122765683,
        0.0024446636190063177,
        0.014487484383552083,
        0.04536669324797146,
        0.0833537927346295,
        0.1263361780385833,
        0.17626095790868349,
        0.22529241815624385,
        0.2683325338177729,
        0.305418663448974,
        0.34376403298733893,
        0.3742305443957974,
        0.4044712292209594,
        0.43916534195590806,
        0.46480094487898155,
        0.4851954626054335,
        0.5065877129497733,
        0.5295537027159988
    ],
    "Z_norm_mean": [
        0.055589685132854984,
        0.11876548164912507,
        0.22108468166568046,
        1.2607855930498353,
        4.02938212686164,
        7.130822772214814,
        7.202303197629116,
        11.35056158144413,
        18.16051241707899,
        6.547304196823409,
        5.609937195259091,
        5.337195827223491,
        5.142003823601531,
        4.970143767922419,
        4.8093342641185215,
        4.6552880976308995,
        4.509574789386498,
        4.370051623718737,
        4.2362647518720316,
        4.107409074055941,
        3.983749597788831,
        3.864665946241564,
        3.749304861018439,
        3.6389184130021643,
        3.532247126168847,
        3.428813783997636,
        3.328868218792711,
        3.2312874594807757,
        3.138188966445838,
        3.047328656108416
    ],
    "B_norm_mean": [
        0.001634919850969797,
        0.0016601515406565626,
        0.0026246732543248543,
        0.010808537645017154,
        0.02254699890747683,
        0.030091862972013755,
        0.02850072125282112,
        0.04125642869171935,
        0.061755950869407925,
        0.004097904807587444,
        0.0012559537396092221,
        0.0009105121628670081,
        0.0007963349568134335,
        0.0007380642173407171,
        0.0006837989616467498,
        0.0006288935847852256,
        0.0006412204715184317,
        0.0006178914610558627,
        0.0005817425524939724,
        0.0005552702594352724,
        0.0005549588144282719,
        0.0005436193499184323,
        0.0005260126646991986,
        0.0005226073920798709,
        0.0005168265054338552,
        0.0005241218876772146,
        0.0005201361041116285,
        0.0004968791711170087,
        0.0005178435734911336,
        0.0004998331439411257
    ],
    "Hv_norm_mean": [
        0.16593548308572403,
        0.29303568534102087,
        0.269768506166796,
        10.88517184811722,
        25.048845046787424,
        124.65576882544742,
        145.13027280686381,
        200.337572275552,
        441.5455527661505,
        29.399930298837464,
        4.181980393873994,
        2.586241699973757,
        2.3896836512070183,
        2.142831750753596,
        2.039129549802744,
        1.8000355711489684,
        1.6631605174521111,
        1.6857159126216579,
        1.5289518961532824,
        1.5550773486389886,
        1.4274074162774666,
        1.4929139813303816,
        1.2787866876597216,
        1.3163837751313474,
        1.183360627535945,
        1.21802596828108,
        1.1134866493322837,
        1.175954672026891,
        1.0157913356034498,
        1.0483945589989834
    ],
    "A_dot_Z_norm_mean": [
        0.05400184671973102,
        0.1172894165611515,
        0.2186498213469473,
        1.2503228960451565,
        4.007441130084616,
        7.10165644949181,
        7.175796498165138,
        11.312733327240206,
        18.104422900033093,
        6.545581992921712,
        5.609753595246642,
        5.337108388958126,
        5.1419509297359225,
        4.970104010539829,
        4.809302781002698,
        4.655262175608513,
        4.509553014059028,
        4.37003291463303,
        4.236248106837848,
        4.107393649533651,
        3.983735421489173,
        3.8646523269011634,
        3.749291853084911,
        3.6389057917794996,
        3.5322347238875658,
        3.428801652537904,
        3.3288560160641505,
        3.2312752983625876,
        3.138176476074513,
        3.047316239750434
    ],
    "g_lambda": [
        -0.01449135952254614,
        -0.04246752191268564,
        -0.08087633889911346,
        0.07487810999321043,
        -0.14614863356736527,
        -0.05471561997962892,
        0.2956880623916689,
        -0.15569803531489496,
        1.4695753273891332,
        0.8721032767680069,
        0.4389423222522775,
        0.15244271301875714,
        0.056068680533427555,
        0.011143896969798171,
        -0.005080812770113864,
        -0.0088536181468814,
        -0.008105255664778252,
        -0.01268072976043252,
        -0.010970374641229661,
        -0.01217316877860486,
        -0.007824028658774337,
        -0.008777389290399857,
        -0.00895358137703389,
        -0.0071348047402341195,
        -0.0080031657256352,
        -0.006584081492385721,
        -0.005707703425655832,
        -0.004615215101731535,
        -0.005818680315764363,
        -0.004864299898974755
    ],
    "grad_norm_mean": [
        1.0701795952319213,
        0.9856464159873796,
        0.9522207797879496,
        1.551083825619921,
        1.4775233236866019,
        3.26463059576922,
        4.0922966871038495,
        4.409025410582397,
        6.689610256743263,
        1.6133078296433316,
        0.8932467992536826,
        0.8585975055928307,
        0.9247871650181603,
        0.9139105344057703,
        0.9405530987731417,
        0.8673216890235218,
        0.8409185289584081,
        0.8975195789089266,
        0.9013519208315266,
        0.9568317119755623,
        0.8981218663370393,
        0.9734763316491967,
        0.847537843347968,
        0.9577698357433712,
        0.8728015081970124,
        0.9300645664638628,
        0.8672623965450702,
        0.9877615895715736,
        0.8442736337763025,
        0.8972990148093148
    ],
    "val_loss": [
        0.8527288065328227,
        0.6948699857507433,
        0.5615456394947969,
        0.44957266332847734,
        0.3893540490276555,
        0.3537161439826543,
        0.3018963225489353,
        0.26615483159745146,
        0.3817684586631594,
        0.30458427541828775,
        0.25541799246732677,
        0.22840309412545198,
        0.21206537473494377,
        0.20350697762363093,
        0.19761407059902142,
        0.19649088396947806,
        0.1940688484529783,
        0.19305158727303415,
        0.1920065853749659,
        0.19202944940633962,
        0.19190724298543926,
        0.19464273977232494,
        0.19147593574708044,
        0.19110524036710652,
        0.19393032863265106,
        0.1918587673248348,
        0.19137336312824946,
        0.19296821846230586,
        0.19156712207568252,
        0.1914122851904143
    ],