{
    "loss": [
        0.9006710024301756,
        0.7467438261861835,
        0.6166844912384392,
        0.5237326783178515,
        0.4604747773938231,
        0.41252404920460944,
        0.3711689733210884,
        0.3341635693819514,
        0.3016644273208797,
        0.2737903898158228,
        0.25275812992550406,
        0.23700457398211483,
        0.22633135467229767,
        0.21965801707243662,
        0.21526944315605645,
        0.2134469589709375,
        0.2115723251112962,
        0.2105312289851667,
        0.21013629180429644,
        0.21021239359994226,
        0.2097652594965718,
        0.20914095582084105,
        0.20923178446637164,
        0.20866319408055248,
        0.20864042960349402,
        0.20880618949659466,
        0.20851614657076686,
        0.20815421973324855,
        0.20858818641208138,
        0.20807938805986398,
        0.20802475480826754,
        0.2076858824986413,
        0.20774163913640736,
        0.2074446081362046,
        0.2072849085292231,
        0.2076977740932888
    ],
    "lambda": [
        0.09768294421989565,
        0.16884293682093224,
        0.26090787623333156,
        0.3415885088030612,
        0.3927850808692753,
        0.4199724947072108,
        0.43775981821738424,
        0.45535268049808186,
        0.474805822398258,
        0.4970661099637028,
        0.5212756385441721,
        0.5440972730571182,
        0.563356310581042,
        0.5789588920476204,
        0.5903682545204025,
        0.5981453231525765,
        0.6024363527659474,
        0.603850313085081,
        0.603849087854585,
        0.6026174285351584,
        0.6001656671723734,
        0.5968917274302954,
        0.5929046264193979,
        0.5886348605586303,
        0.5843211081484164,
        0.5798625385287867,
        0.5755265926626185,
        0.5711176972096578,
        0.5667329551941221,
        0.5624020484810702,
        0.5582998296414041,
        0.5543183320696173,
        0.5504209517141542,
        0.5465554171090522,
        0.5431257267290934,
        0.5395657470079966
    ],
    "Z_norm_mean": [
        0.03884822530167628,
        0.056467169410270045,
        0.07837763115064332,
        0.10833974946491985,
        0.13190271583274812,
        0.14282192486718243,
        0.1446101328848932,
        0.14407756003662137,
        0.1458771941679049,
        0.15083941352496508,
        0.1584534037091672,
        0.1676280421685656,
        0.17651326232438483,
        0.18486379701307964,
        0.1927046005906611,
        0.19921718541035152,
        0.2047015024651689,
        0.208596804393758,
        0.2121098018510247,
        0.21475800412441418,
        0.21661000527199425,
        0.21825856600857813,
        0.21922481836825072,
        0.220004196997584,
        0.2208413208972676,
        0.2214773747249631,
        0.22208429914949604,
        0.22253064625099678,
        0.2232889305921238,
        0.22389735839857522,
        0.22448080779197843,
        0.2252832735488561,
        0.22617523635767858,
        0.22683777454097348,
        0.22794919384085313,
        0.22885750693534687
    ],
    "B_norm_mean": [
        0.0012581953111891417,
        0.0009501879659921792,
        0.001138224441218543,
        0.001152325593042675,
        0.0010559269434701826,
        0.0009321663827073864,
        0.0008208824572950225,
        0.0007778767724975352,
        0.000750669920211826,
        0.0007823418301365436,
        0.0008008560173327796,
        0.0007896404992452813,
        0.0007733685568829037,
        0.0007496999605266303,
        0.0007647384225814485,
        0.0007551817546198515,
        0.0007277775896269331,
        0.0006938125822602331,
        0.000687076464137365,
        0.0006583894079715847,
        0.0006391462494639363,
        0.0006385635867856093,
        0.0006246819133981256,
        0.0006097503720920546,
        0.0005930842703127635,
        0.0005862792910981103,
        0.0005871019511910606,
        0.0005579362667101815,
        0.0005722410377999263,
        0.0005553055730722307,
        0.0005380443615052137,
        0.0005539107598307196,
        0.000554901490362852,
        0.000521049437588854,
        0.0005160640852041677,
        0.0005091089272404271
    ],
    "Hv_norm_mean": [
        0.19695544331082368,
        0.2497593236098651,
        0.2792768951787845,
        0.284464047790004,
        0.2847533304338421,
        0.27836257167671563,
        0.25339924445651496,
        0.22072409490385642,
        0.193151223207639,
        0.17475184332377644,
        0.16480452297826967,
        0.16431224651715384,
        0.15487041856407688,
        0.15198024042246575,
        0.1541906675384363,
        0.14874171875013772,
        0.14752596054051326,
        0.15083299704191916,
        0.14781669361066302,
        0.14655194308353245,
        0.1423462138924788,
        0.14345384964228536,
        0.1403717743898557,
        0.13438732449220836,
        0.13428889812114866,
        0.12809495600982693,
        0.12845710670904992,
        0.12532392761767555,
        0.1252423271590622,
        0.12152990551954572,
        0.12102802175261915,
        0.11530541067519343,
        0.11809211403454253,
        0.11301040117921382,
        0.11106222349383771,
        0.10939390758314718
    ],
    "A_dot_Z_norm_mean": [
        0.03763764900044414,
        0.055659347019470985,
        0.07745200106168051,
        0.10746339779037861,
        0.13115356294471864,
        0.1422330348715455,
        0.14416035593416718,
        0.14372342985244435,
        0.14557053089572203,
        0.1505496475455563,
        0.1581686949041346,
        0.16734175160258255,
        0.1762354255368133,
        0.18459919101494746,
        0.19244711194658107,
        0.19897471655577098,
        0.20447235379623593,
        0.20838411863530157,
        0.21191059730758735,
        0.21457007547793405,
        0.2164373961811892,
        0.21809445551801673,
        0.21907151637309724,
        0.21986144653081033,
        0.22070626616477967,
        0.22134899943529054,
        0.22196413995126524,
        0.22241616586915852,
        0.22317914879924552,
        0.2237931280575074,
        0.22438135298796077,
        0.2251870647664535,
        0.22608236796373926,
        0.22674869879918838,
        0.22786261470524413,
        0.22877422291449262
    ],
    "g_lambda": [
        -0.009231625143892471,
        -0.017234415913316748,
        -0.017812356586813495,
        -0.013379400182475036,
        -0.007392298178713674,
        -0.003945092395593543,
        -0.003302055182749076,
        -0.0036588983183276137,
        -0.004066522099373573,
        -0.004657787091303819,
        -0.004769343836064911,
        -0.004174776784806691,
        -0.0034834706060595084,
        -0.002624394673020293,
        -0.0019408778506011738,
        -0.0011961038785882375,
        -0.00047515264379418713,
        -0.00014356877318573343,
        0.00011489321645819968,
        0.0003709906059912396,
        0.0005744406522255027,
        0.0007271067178824963,
        0.000836540621433017,
        0.000861993507357711,
        0.0008545680828930454,
        0.0008800575410483223,
        0.0008780506007467474,
        0.0008495419649306403,
        0.0008796405033729567,
        0.0008076628505349805,
        0.00080172216396994,
        0.0007876611121388872,
        0.0007406631459411408,
        0.000775303723566261,
        0.0006352449615993654,
        0.0007340350117709232
    ],