{
    "loss": [
        1.0243011794771466,
        0.8484961199079241,
        0.6453837161745344,
        0.48019442881856644,
        0.3865107592003686,
        0.34397593212127686,
        0.3255909903730665,
        0.317150611945561,
        0.31007419552121845,
        0.305729651093483,
        0.3038517040525164,
        0.30160829523631505,
        0.2994059303998947,
        0.2975260012831007,
        0.29568144828932624,
        0.2945958552701133,
        0.29307342126539776,
        0.29165385249682835,
        0.28951890173980166,
        0.2887875922407423,
        0.2883527254036495,
        0.28743590477534703,
        0.2859525543493884,
        0.2838395103045872,
        0.2844158918176379,
        0.28297095421382357,
        0.2825381416933877,
        0.2812051964061601,
        0.2796293710299901,
        0.27929784861632756
    ],
    "lambda": [
        0.006024716293470451,
        0.06346460426705224,
        0.1647694387095315,
        0.2390796319757189,
        0.2758843781607492,
        0.2961456781455449,
        0.3060651396342686,
        0.30639498697008405,
        0.3013685122217451,
        0.29183932890210834,
        0.2819975276674543,
        0.2724607617514474,
        0.26429192164966037,
        0.25772089934349063,
        0.25254023718833923,
        0.248090787257467,
        0.24307166729654583,
        0.23830385550430844,
        0.23364687325273242,
        0.22913647719791957,
        0.2245908384493419,
        0.22046298386369434,
        0.21619197366918835,
        0.21209330812522342,
        0.208666433095932,
        0.20436223145893642,
        0.19899960465090616,
        0.19416981198106492,
        0.19103975016730174,
        0.1879564917768751
    ],
    "Z_norm_mean": [
        0.03389786797549044,
        0.07690640347344535,
        0.09998521465063095,
        0.1019271068572998,
        0.10995435329845973,
        0.12468734683309282,
        0.141964970435415,
        0.15623964776311602,
        0.16682612322057996,
        0.16929134452342987,
        0.17189729307379042,
        0.1691319510085242,
        0.16577957190786088,
        0.16279975387028287,
        0.15776628656046732,
        0.15204340406826564,
        0.14784461840561458,
        0.14282765296527317,
        0.13852512330668312,
        0.1326437167099544,
        0.12914648589066097,
        0.12448618220431464,
        0.12166892203262875,
        0.1173033914395741,
        0.11472312702451433,
        0.11161486018555505,
        0.10864154132774897,
        0.10740098638193948,
        0.10490142585550036,
        0.10197021463939122
    ],
    "B_norm_mean": [
        0.0008915687303191849,
        0.0012610886677035264,
        0.0016335511023976973,
        0.0017377453623339534,
        0.002130478269021426,
        0.0025270541203873498,
        0.0028005179049713272,
        0.002963801335543394,
        0.002906985420201506,
        0.00296444268311773,
        0.0028645771401269097,
        0.002810738724257265,
        0.00267786252658282,
        0.002591305706650019,
        0.0025511222180378225,
        0.002581613953624453,
        0.0024876353624942046,
        0.002458332787667002,
        0.0024269193655678204,
        0.002351532910950482,
        0.0023597851885216576,
        0.002337005879729986,
        0.002313946774312561,
        0.0022786716454263243,
        0.0022887959834188222,
        0.002275469809770584,
        0.002336251483431884,
        0.002274176775145211,
        0.0022735931278605546,
        0.0022546189821192196
    ],
    "Hv_norm_mean": [
        0.02842166858272893,
        0.0782683156813894,
        0.12252924878256662,
        0.10382784455163138,
        0.07373849970953805,
        0.06936029760326658,
        0.075594209083489,
        0.08246046539715358,
        0.08751159075328283,
        0.09166958992821829,
        0.09006772156272616,
        0.08504035786220006,
        0.08378293462310518,
        0.08263109271866935,
        0.08043405720165797,
        0.07529082017285484,
        0.07477662750652858,
        0.07239126182453973,
        0.07035210541316442,
        0.06564315832938467,
        0.06774073735305242,
        0.0627344655564853,
        0.062406052636248724,
        0.06355121948463577,
        0.060381281622818535,
        0.05937615168094635,
        0.058026507113661085,
        0.058647743940353395,
        0.0533568862591471,
        0.05507009782961437
    ],
    "A_dot_Z_norm_mean": [
        0.03309381627930062,
        0.07588241159915925,
        0.0989334282364164,
        0.10126188496180943,
        0.10943564663614545,
        0.12413869268553597,
        0.14138796191556113,
        0.1556764897959573,
        0.1662948649440493,
        0.16878117316109795,
        0.17143575976576123,
        0.16870123548167093,
        0.16538066940648216,
        0.16242701188155584,
        0.15741588493755884,
        0.1517076106582369,
        0.14752332040241786,
        0.14251584708690643,
        0.13822763555390494,
        0.13236408063343594,
        0.1288688460247857,
        0.12421830150059292,
        0.12141277423926762,
        0.1170455458334514,
        0.11447429428781782,
        0.11137011025633131,
        0.10840091863700321,
        0.10716384765080043,
        0.10467602268287114,
        0.10174246335029602
    ],
    "g_lambda": [
        -0.001999704705210336,
        -0.008242889837494919,
        -0.008785773294844798,
        -0.0046733002503003395,
        -0.0025273074183080877,
        -0.001293126324989966,
        -0.0004994914680719376,
        0.00027432836246277605,
        0.0007519344695444618,
        0.0009683732548728585,
        0.0008112623091521007,
        0.0008572323282382318,
        0.0006284894851435509,
        0.0005407245952103819,
        0.0004268883730151824,
        0.0004269809295822467,
        0.0004761321145508971,
        0.00040622059482016735,
        0.0003812496568342405,
        0.000446324033995292,
        0.00037086681216689095,
        0.00037704106766198365,
        0.0003748777721609388,
        0.0003477371941719736,
        0.0003662837819595422,
        0.0004292387023035969,
        0.00047706911327051265,
        0.00040169641907726014,
        0.00022895519102790525,
        0.00028830768620329245
    ],
    "grad_norm_mean": [
        0.4445397440365383,
        0.5338552227020263,
        0.5944182124819074,
        0.6699507800510951,
        0.7120743314879281,
        0.7279372629438128,
        0.8069680558613368,
        0.865388764653887,
        0.8046423367091587,
        0.8519049273899624,
        0.8652283398764474,
        0.8940195292064121,
        0.8859469672611782,
        0.9061233280726841,
        0.8807736687660217,
        0.9060355614253452,
        0.9612254214968,
        0.8857381801605224,
        0.9093916700908116,
        0.9442834890910557,
        0.9538807441166469,
        0.9583385421207973,
        0.9370551397800445,
        0.9234051525933402,
        0.9253744190761021,
        0.9603858272007534,
        0.964050792149135,
        0.9603024240902492,
        0.8908844209398542,
        0.9987733692441668
    ],