{
    "loss": [
        0.3370451118548711,
        0.24686139358414544,
        0.22294193999634848,
        0.21046780066357718,
        0.1992904144525528,
        0.18677581552002165,
        0.17667117579115763,
        0.1712254864970843,
        0.16514074481195873,
        0.15461351431078382,
        0.14885319136083125,
        0.13836986309952207,
        0.13366762335101764,
        0.13040785388814077,
        0.12733476301862134,
        0.11862732365727424,
        0.10988374063538181,
        0.1141922693202893,
        0.10432318978011608,
        0.10182784694764349,
        0.09827853295538161,
        0.08638001898924509
    ],
    "lambda": [
        0.4052495390839047,
        0.4189901272455851,
        0.42480390164587234,
        0.4281453051831987,
        0.4281769115395016,
        0.42593855526712204,
        0.4257366751299964,
        0.42512656291325884,
        0.4221780264377594,
        0.4209156080087026,
        0.42032031655311586,
        0.42284760157267254,
        0.42308429333898756,
        0.4191157303916083,
        0.40454258150524564,
        0.40361445996496415,
        0.38979321519533794,
        0.3761490245660146,
        0.34600492570135327,
        0.31083932598431907,
        0.2855820212099287,
        0.2596791070037418
    ],
    "Z_norm_mean": [
        0.046370226136512226,
        0.10467034313413832,
        0.1297073041068183,
        0.15448175503147973,
        0.17748662875758278,
        0.20019093056519827,
        0.22351107822524177,
        0.24429550263616773,
        0.267096911933687,
        0.29314701875050864,
        0.31831183738178676,
        0.3448678207397461,
        0.37358676460054185,
        0.39877014928393895,
        0.42632062832514445,
        0.4572395888964335,
        0.48549271702766417,
        0.5198322179582384,
        0.5715296914842394,
        0.6003955504629347,
        0.6283607072300381,
        0.6665847582287259
    ],
    "B_norm_mean": [
        0.004446106411309706,
        0.007946614422318008,
        0.007138321246537897,
        0.007706283156035675,
        0.008184108262260755,
        0.009070852564440833,
        0.009966986489792665,
        0.010859666009330088,
        0.012080114430023565,
        0.013034583379307555,
        0.014582046186551451,
        0.015322097481952773,
        0.016201494036552806,
        0.016709014220784107,
        0.01733600634150207,
        0.018142702489470443,
        0.018472911864519118,
        0.020454208836373354,
        0.020879226004083953,
        0.020936782888861166,
        0.020571340370095437,
        0.020998355833192667
    ],
    "Hv_norm_mean": [
        0.014807935795850224,
        0.029075021379523808,
        0.024993827160861758,
        0.027600392798582712,
        0.029772091574139067,
        0.03298822361561987,
        0.03658603618542353,
        0.03998738830288251,
        0.045314956448144386,
        0.04970956246058146,
        0.05834956411686208,
        0.06113508481118414,
        0.06976094636652205,
        0.07177661270731026,
        0.0769645142969158,
        0.08254105223549738,
        0.0868770502673255,
        0.1105300388402409,
        0.1227940880590015,
        0.12131631207134988,
        0.11992144938972261,
        0.13235348522663115
    ],
    "A_dot_Z_norm_mean": [
        0.04473882315887345,
        0.10334141969680787,
        0.12903044766849942,
        0.15387022746933832,
        0.17694403674867418,
        0.19964666499031913,
        0.22297675596343147,
        0.24374431848526001,
        0.2665308614571889,
        0.2925919328795539,
        0.3177353416548835,
        0.34426774859428405,
        0.37302747037675643,
        0.39823527733484904,
        0.42577451758914525,
        0.456726680861579,
        0.48495234039094715,
        0.5191852537790934,
        0.5709733642472161,
        0.5999242589208815,
        0.6278640866279602,
        0.6660846670468649
    ],
    "g_lambda": [
        -0.0008636906566486383,
        -0.0009060438912517081,
        -0.00039113256627590294,
        -0.00018177315088299412,
        0.00027138502880310017,
        7.129634549427363e-07,
        6.958996857671688e-05,
        7.202604979587098e-05,
        0.0003502113242737121,
        -6.0946618129188814e-05,
        -4.21225251759299e-05,
        -1.7111722845584153e-05,
        -1.938982536861052e-05,
        0.0003519628473764492,
        0.0012339642553383277,
        0.00041257569268863235,
        0.0010188934235419664,
        0.002510258908280068,
        0.002403222496052169,
        0.0027161555939690316,
        0.0028076989917705454,
        0.001706671073851693
    ],
    "grad_norm_mean": [
        0.41292281839582656,
        0.5431300916936662,
        0.5347065207693312,
        0.5423308000299666,
        0.5342863416671753,
        0.5437384834554461,
        0.5429655431376563,
        0.561016962395774,
        0.5836725416448382,
        0.578920109934277,
        0.6176140456067192,
        0.5804963201946682,
        0.6267358937528398,
        0.6235229117340512,
        0.6440337750646803,
        0.6264238079388936,
        0.6037502320607503,
        0.6826657840940688,
        0.6571879347165426,
        0.66823147310151,
        0.6489739432599809,
        0.6240912682480282
    ],
    "val_loss": [
        0.2668837207555771,
        0.25300453782081606,
        0.23055268883705138,
        0.22303976148366927,
        0.21785833925008774,
        0.2197580100595951,
        0.23208434492349625,
        0.22743732213974,
        0.19666460722684861,
        0.19752233117818832,
        0.18736037850379944,
        0.18360454842448234,
        0.22234053671360016,
        0.22597594305872917,
        0.17386755973100662,
        0.18374908804893494,
        0.17102124854922296,
        0.19169254064559937,
        0.20919725224375724,
        0.2184475325793028,
        0.21546671360731126,
        0.21424549378454685
    ],
    "js_mean": [
        0.005244824497661155,
        0.0030459808530784883,
        0.0033502680891459536,
        0.004463229077103149,
        0.003512143481223444,
        0.003292366080983941,
        0.0036260253540655995,
        0.006819227158225008,
        0.0054642636000893875,
        0.0068141934528414706,
        0.007390408236200788,
        0.0077502747407249585,
        0.017382519401144235,
        0.01041198815451935,
        0.010394267925460422,
        0.017651213665958496,
        0.011547309836605563,
        0.015860697979223914,
        0.01772112629309829,
        0.01420952223607206,
        0.018915169932214274,
        0.015835894931723098
    ],
    "disag": [
        0.04714285714285713,
        0.026875,
        0.02491071428571429,
        0.031517857142857146,
        0.02482142857142857,
        0.015535714285714286,
        0.022321428571428572,
        0.02910714285714286,
        0.031517857142857146,
        0.03160714285714286,
        0.028928571428571432,
        0.02723214285714286,
        0.04294642857142858,
        0.031607142857142854,
        0.025178571428571432,
        0.04026785714285713,
        0.025089285714285713,
        0.037500000000000006,
        0.038392857142857145,
        0.027678571428571427,
        0.035,
        0.027232142857142858
    ]
}