{
    "loss": [
        0.33857211690289635,
        0.24526885741097587,
        0.22718396323067802,
        0.20927788960933685,
        0.20013024704796928,
        0.1890256313255855,
        0.18067949673959188,
        0.16825728667527437,
        0.16675665526730674,
        0.1572853982278279,
        0.15031141827361924,
        0.14459350289617265,
        0.13438248186452048,
        0.13368627942459924,
        0.12808488621030534,
        0.11720291585581644,
        0.11358808834212167,
        0.112311008037201,
        0.10973464529854911,
        0.09806938505279167,
        0.094058830005782,
        0.09398661338750805,
        0.08532567053181785,
        0.08651254213228822,
        0.08041103949717113,
        0.0802827581678118,
        0.06619670667073556,
        0.07247232037569795,
        0.06062276127668364,
        0.0665006375014782
    ],
    "lambda": [
        0.8861728563989911,
        0.7680157664843968,
        0.7522663066727775,
        0.6967648771149771,
        0.641830066544669,
        0.5862542411940438,
        0.5382340506826129,
        0.498815527847835,
        0.48118308108193536,
        0.45597202083042687,
        0.43385237557547435,
        0.401958904334477,
        0.39146508571079797,
        0.3830204498767853,
        0.3627353433540889,
        0.34191568221364704,
        0.3320546622616904,
        0.33689075136184693,
        0.3384092674255371,
        0.33290502190589905,
        0.32042716005870275,
        0.2972574507168361,
        0.311006331375667,
        0.316236266715186,
        0.3483527178083147,
        0.32382133064951213,
        0.32499387730870927,
        0.3398083198070526,
        0.3872303503922054,
        0.35579987556593756
    ],
    "Z_norm_mean": [
        0.5108862833465848,
        0.9425207691192627,
        0.922892508166177,
        0.7209831357683454,
        0.6353633480753217,
        0.5163581599848611,
        0.4460955064296722,
        0.3793354642050607,
        0.3654671646186284,
        0.3357628937448774,
        0.381740186384746,
        0.3805381647178105,
        0.37196085589272637,
        0.38572802564076014,
        0.4249146000657763,
        0.3878482973234994,
        0.4260688453401838,
        0.4443430486406599,
        0.43870298276628766,
        0.46449975456510273,
        0.44552787576402936,
        0.53847784444264,
        0.4989059703009469,
        0.5570967493057251,
        0.5251649302073887,
        0.5399869443348476,
        0.5098029002462114,
        0.6417316009657723,
        0.5506306938443865,
        0.7223607908657619
    ],
    "B_norm_mean": [
        0.041966791421175,
        0.06571144533157348,
        0.07310639088494437,
        0.06954228343069553,
        0.0693531721830368,
        0.061974590725132395,
        0.06426626939645835,
        0.06097614342872319,
        0.06625061094122274,
        0.06331625336994018,
        0.07142820744110005,
        0.0695202795746071,
        0.07358521389535495,
        0.07884226888205324,
        0.07729698647345816,
        0.0794129713858877,
        0.0812474864423275,
        0.08748240380202021,
        0.08600684320820229,
        0.08412390212927545,
        0.0832638826583113,
        0.09394262538837003,
        0.0874101191163063,
        0.09856248772995813,
        0.09529205330993448,
        0.09468608046961682,
        0.0787850037802543,
        0.10861851716573749,
        0.08412308413365722,
        0.09738215326411384
    ],
    "Hv_norm_mean": [
        0.2602831945163863,
        0.46529865387507846,
        0.44660619967324394,
        0.33062349445479255,
        0.288361606495721,
        0.22729250277791704,
        0.20734770676067898,
        0.17915336013691766,
        0.18355147509915487,
        0.15751194422585624,
        0.2088138473204204,
        0.20706670250211442,
        0.2007608815261296,
        0.23150591925212316,
        0.24030442042010172,
        0.22829917117527554,
        0.2528179135322571,
        0.2798889307294573,
        0.2844518330097198,
        0.27631325462886264,
        0.29437077842439924,
        0.3648648393494742,
        0.3390131372043065,
        0.3914541131598609,
        0.35227988944734845,
        0.3661449718475342,
        0.3423643586124693,
        0.4739056936672756,
        0.38013725553240096,
        0.5262158035550799
    ],
    "A_dot_Z_norm_mean": [
        0.4907496774537223,
        0.9181108980860029,
        0.8964939501626151,
        0.6975323599406651,
        0.6123822112764631,
        0.49713600744519915,
        0.42781868624687197,
        0.36225409838131495,
        0.3485429562841143,
        0.32149066928454806,
        0.3638753111362457,
        0.36484992187363763,
        0.3561920782838549,
        0.3679120709214892,
        0.4095457353932517,
        0.37038335990905763,
        0.410449047429221,
        0.4279379794938224,
        0.42117198038101195,
        0.44764868542126246,
        0.42860095725740704,
        0.5201461629867554,
        0.4823853139196123,
        0.5403632976668221,
        0.508240510054997,
        0.5232295645305088,
        0.49493049437659126,
        0.6226508150100708,
        0.5353208728517805,
        0.7063200728552682
    ],
    "g_lambda": [
        0.006300905354454049,
        0.007675742076975959,
        0.002431916724358286,
        0.00496497164826308,
        0.004694046223802226,
        0.004524156689909952,
        0.00506802341661283,
        0.002792039163676756,
        0.001759931474890826,
        0.0016200552983209491,
        0.002697804864495993,
        0.002340250528949712,
        0.0001164453380874225,
        0.0015079908651698913,
        0.002297597111868007,
        0.0006393881168748651,
        0.0014706714334232467,
        -0.0013966958988457917,
        0.00023999094118231108,
        0.0003700495239879404,
        0.0030961269339812654,
        -8.960612597210067e-05,
        -0.00012921773216554097,
        -0.005081539931041853,
        0.0035089101562542574,
        -0.0009622730336018971,
        0.0023759325316974095,
        -0.005966532276677234,
        -0.0014723267438156264,
        0.0076114291271993095
    ],
    "grad_norm_mean": [
        0.41782946402685983,
        0.510131815637861,
        0.5523668481281826,
        0.550680666242327,
        0.5595281478336879,
        0.5409125798089164,
        0.5681327576977866,
        0.5511195701956749,
        0.6070998706817627,
        0.5881237817491803,
        0.6072327920028141,
        0.6084190410886492,
        0.6056884083066668,
        0.6409501461301531,
        0.6272654867172242,
        0.6065941960471017,
        0.6346800101143973,
        0.6391730957371848,
        0.6636700669356755,
        0.6021706633397511,
        0.6067617980412074,
        0.6399876948254449,
        0.6161657191004072,
        0.6680447253159114,
        0.6388933952195304,
        0.6306665700503759,
        0.5588932926654816,
        0.6816693426200322,
        0.5576186035275459,
        0.626595027923584
    ],
    "val_loss": [
        0.2737490435838699,
        0.2550415378808975,
        0.24158087825775146,
        0.251143140912056,
        0.2594397455453873,
        0.2485722177028656,
        0.19348011434078216,
        0.18831155860424043,
        0.1957292309999466,
        0.1870546795129776,
        0.20085469010472298,
        0.18529600977897645,
        0.18420461130142213,
        0.19687493789196014,
        0.16891767466068267,
        0.17344315218925477,
        0.17660176151990892,
        0.18154441994428636,
        0.19240598738193512,
        0.20255656859278678,
        0.19368397963047027,
        0.19073331236839294,
        0.201664311170578,
        0.19383264899253846,
        0.21678847381472588,
        0.18764147526025773,
        0.20921959403157234,
        0.20490170338749886,
        0.19872113098204136,
        0.18578170788288118
    ],