{
    "model_0": {
        "train_loss": [
            0.3018696302175522,
            0.21826272262467278,
            0.19281484805875354,
            0.1764686945411894,
            0.16188837925593058,
            0.1479835724996196,
            0.13204737780822648,
            0.12666368658343952,
            0.11575632007585632,
            0.11254477035668162,
            0.10705573140747017
        ],
        "val_loss": [
            0.2911947029829025,
            0.24915489971637725,
            0.2365687358379364,
            0.2462879979610443,
            0.24108240783214568,
            0.21829551160335542,
            0.2582374247908592,
            0.31875103995203974,
            0.2826554039120674,
            0.37933078438043594,
            0.29562259376049044
        ]
    },
    "model_1": {
        "train_loss": [
            0.30916911125183105,
            0.22589687930213082,
            0.1969482488102383,
            0.17893680920203528,
            0.16303515101472538,
            0.1533016944097148,
            0.1430455217262109,
            0.13810928776860237,
            0.12064022618035475,
            0.11652409333321784,
            0.1121978285163641
        ],
        "val_loss": [
            0.27688933730125426,
            0.23759091794490814,
            0.35327486515045164,
            0.21735187709331513,
            0.2298753345012665,
            0.21543578207492828,
            0.2321244591474533,
            0.23927221983671187,
            0.2647409822046757,
            0.2742766684293747,
            0.25238526970148084
        ]
    },
    "model_2": {
        "train_loss": [
            0.33039093918270535,
            0.23999994171990288,
            0.20999897761477365,
            0.19303347759776646,
            0.17828342225816515,
            0.1675476803465022,
            0.15425478724969757,
            0.14900198225345876,
            0.13025097894999715,
            0.12777378764417435,
            0.11560559579895602
        ],
        "val_loss": [
            0.28054763734340665,
            0.2745076435804367,
            0.2130981171131134,
            0.22615635752677918,
            0.23981538146734238,
            0.21167413145303726,
            0.2292046332359314,
            0.2498156388103962,
            0.27931249856948853,
            0.24576049968600272,
            0.2541868376731873
        ]
    },
    "model_3": {
        "train_loss": [
            0.3102755399876171,
            0.22549241579241222,
            0.19844344038102363,
            0.17991060975525114,
            0.17095657125115393,
            0.15092095075382125,
            0.1417296601500776,
            0.12347947827643818,
            0.11665749164091216,
            0.10754754078057077,
            0.09232906466970842,
            0.0957771015084452
        ],
        "val_loss": [
            0.2773070120811462,
            0.2500872790813446,
            0.24412766695022584,
            0.23995619595050813,
            0.23916591048240662,
            0.2849139606952667,
            0.2390649837255478,
            0.26657648965716363,
            0.3640688966214657,
            0.30929903507232664,
            0.30915578216314316,
            0.27518167465925214
        ]
    },
    "model_4": {
        "train_loss": [
            0.29537085327837204,
            0.22193955530722936,
            0.1955646246009403,
            0.1732122461663352,
            0.15655550046099556,
            0.1496121456887987,
            0.1433051847666502,
            0.12798695211609204,
            0.11562195069260067
        ],
        "val_loss": [
            0.27058998227119446,
            0.3827674514055252,
            0.2429141181707382,
            0.23428972870111464,
            0.25565235435962674,
            0.2911712643504143,
            0.2615169960260391,
            0.24967094749212265,
            0.2686810737848282
        ]
    },
    "model_5": {
        "train_loss": [
            0.31242423752943677,
            0.23223427401648628,
            0.20602251728375753,
            0.18325141307380463,
            0.1774354951745934,
            0.161271386726035,
            0.1497806769526667,
            0.14615375589993265,
            0.13509422277410826,
            0.11956952066057258
        ],
        "val_loss": [
            0.2721392434835434,
            0.2657646518945694,
            0.2621706138551235,
            0.24319769978523254,
            0.2360953140258789,
            0.25812495946884156,
            0.3133511759340763,
            0.3151848363876343,
            0.24442880272865294,
            0.3396467350423336
        ]
    },
    "model_6": {
        "train_loss": [
            0.30990360809697043,
            0.23106853067874908,
            0.19952901091840533,
            0.18883926827046607,
            0.17344487039579284,
            0.15657400324940682,
            0.15425950755675633,
            0.1287692390051153
        ],
        "val_loss": [
            0.3422714674472809,
            0.24649159789085387,
            0.24587853372097015,
            0.2960057720541954,
            0.25773198664188385,
            0.2642984779179096,
            0.31480913639068603,
            0.2853837794065475
        ]
    },
    "model_7": {
        "train_loss": [
            0.32546825726826983,
            0.25006166067388325,
            0.2250212715897295,
            0.20699862559636434,
            0.1986502797736062,
            0.1729567864868376,
            0.16450805023312567,
            0.15633727020687527,
            0.13986850480238597,
            0.13293036157058344
        ],
        "val_loss": [
            0.3245998859405518,
            0.28329975098371507,
            0.2719016432762146,
            0.2790125662088394,
            0.2496265470981598,
            0.2765434128046036,
            0.30874294459819795,
            0.28788418471813204,
            0.29284638971090315,
            0.3299043843150139
        ]
    },
    "model_8": {
        "train_loss": [
            0.3073135513729519,
            0.22007256931728786,
            0.19689823508262635,
            0.174515507751041,
            0.16392776045534346,
            0.15387387880020673,
            0.13938963669869636,
            0.13626562563909425
        ],
        "val_loss": [
            0.2709465008974075,
            0.3094817835092545,
            0.20126030266284942,
            0.22060088992118834,
            0.23997049927711486,
            0.23147559344768523,
            0.24972624063491822,
            0.22937064468860627
        ]
    }
}