{
    "model_0": {
        "train_loss": [
            1.028408662478129,
            0.8326526930597093,
            0.6155057022306654,
            0.45289462076293097,
            0.3739157501856486,
            0.3402607031000985,
            0.3238102392355601,
            0.3131930048598184,
            0.308584129081832,
            0.3047991488377253,
            0.29982586205005646,
            0.2965701355536779,
            0.2940094899468952,
            0.2921010826693641,
            0.2875449224975374,
            0.2874372766415278,
            0.28445430345005457,
            0.28318810052341886,
            0.2821694719791412,
            0.27808856354819406,
            0.27825441314114463,
            0.2773056036233902
        ],
        "val_loss": [
            0.9347106719017029,
            0.7161098480224609,
            0.513623034954071,
            0.4040817403793335,
            0.36290001988410947,
            0.34355865478515624,
            0.3387403547763824,
            0.34746508121490477,
            0.3345504367351532,
            0.33191964626312254,
            0.33991427421569825,
            0.3316399896144867,
            0.3421611189842224,
            0.32822009205818176,
            0.3291909170150757,
            0.33195359468460084,
            0.32735426545143126,
            0.34755852341651916,
            0.33232017278671266,
            0.348537882566452,
            0.32952756762504576,
            0.33531633973121644
        ]
    },
    "model_1": {
        "train_loss": [
            1.0404499461915757,
            0.8530511956744724,
            0.6348310318258074,
            0.46409907129075795,
            0.37670645501878525,
            0.33980772097905476,
            0.32130609922938874,
            0.31120690749751195,
            0.303877514468299,
            0.297929522395134,
            0.29378384709358213,
            0.29003926826847926,
            0.2869176506996155,
            0.28387689848740894,
            0.2817980055676566
        ],
        "val_loss": [
            0.9547969579696656,
            0.7354552268981933,
            0.5356340408325195,
            0.41216264724731444,
            0.3629323148727417,
            0.3453653514385223,
            0.33205235958099366,
            0.33168753385543825,
            0.3285704791545868,
            0.32420939445495606,
            0.3273495638370514,
            0.3295111107826233,
            0.3288534379005432,
            0.3284633302688599,
            0.32641082286834716
        ]
    },
    "model_2": {
        "train_loss": [
            1.0280953693389892,
            0.8196637381447686,
            0.5904558804300096,
            0.4358963896168603,
            0.3622756132814619,
            0.3281366433037652,
            0.31036761893166437,
            0.29975527630911936,
            0.2930358612537384,
            0.28682832625177174,
            0.28205521199438305,
            0.27851986004246604,
            0.27465583251582254
        ],
        "val_loss": [
            0.9317740678787232,
            0.6957874035835266,
            0.5069089770317078,
            0.40708978652954103,
            0.3648467230796814,
            0.3607398533821106,
            0.34137441873550417,
            0.3406429398059845,
            0.3434843850135803,
            0.34740293383598325,
            0.35027686357498167,
            0.3490023171901703,
            0.3557486855983734
        ]
    },
    "model_3": {
        "train_loss": [
            1.018848086198171,
            0.8113297088940938,
            0.5653685867786408,
            0.4166820591025882,
            0.35756925728585987,
            0.3311579492357042,
            0.31680924442079333,
            0.3079375998179118,
            0.3018358939223819,
            0.2967380808459388,
            0.29292914032936096,
            0.28883899688720704,
            0.2851921228567759,
            0.2825652825832367,
            0.2785570550627179,
            0.27877517574363286,
            0.2756837750143475,
            0.2748691905207104
        ],
        "val_loss": [
            0.937121934890747,
            0.6936452889442444,
            0.48443840742111205,
            0.39659828424453736,
            0.3603800117969513,
            0.3473860514163971,
            0.3404966330528259,
            0.32694839358329775,
            0.3266928040981293,
            0.32131946086883545,
            0.3302293837070465,
            0.3243261444568634,
            0.31714012622833254,
            0.32197617173194887,
            0.3370587885379791,
            0.3270288562774658,
            0.3210043144226074,
            0.32723224520683286
        ]
    },
    "model_4": {
        "train_loss": [
            0.9792693633503384,
            0.7735143399238587,
            0.5745388113127814,
            0.4285411153899299,
            0.3549047823746999,
            0.3221812525060442,
            0.30494676603211296,
            0.2959292017088996,
            0.29089909798569147,
            0.28543381763829123,
            0.2828978249761793,
            0.279564872317844,
            0.2768790892759959,
            0.27419891599151824,
            0.27211966342396204,
            0.2724408722586102,
            0.26903242852952747
        ],
        "val_loss": [
            0.8797975492477417,
            0.6729903554916382,
            0.4956249976158142,
            0.39553170442581176,
            0.3618493223190308,
            0.3434625566005707,
            0.3378891217708588,
            0.3311235642433166,
            0.3320913314819336,
            0.32452889561653137,
            0.32350381374359133,
            0.3206504464149475,
            0.3227123010158539,
            0.3408787178993225,
            0.3388963329792023,
            0.32241483211517336,
            0.340314553976059
        ]
    },
    "model_5": {
        "train_loss": [
            1.0134849034415352,
            0.8261321467823453,
            0.6177586595217387,
            0.45368043210771347,
            0.3698372013039059,
            0.3345833236641354,
            0.3173386531405979,
            0.30791724615626864,
            0.3017306056949827,
            0.29757873641120064,
            0.29319850087165833,
            0.290119259291225,
            0.28724430984920923,
            0.2840657541155815,
            0.28190273463726045,
            0.2771268614133199,
            0.2756000000238419,
            0.27454971419440377,
            0.2726949449380239,
            0.2705172632800208,
            0.2704280809561412,
            0.26723790638976624,
            0.26578996645079717,
            0.26390171097384557,
            0.2627026993698544,
            0.261394370396932,
            0.2598366896973716,
            0.2580162323845757,
            0.2557702530092663
        ],
        "val_loss": [
            0.928999490737915,
            0.7217873430252075,
            0.5323422932624817,
            0.41540719151496885,
            0.3640584409236908,
            0.3483836889266968,
            0.33194660902023315,
            0.3270032346248627,
            0.3285298490524292,
            0.3351393210887909,
            0.3307959258556366,
            0.3261307203769684,
            0.3226913833618164,
            0.31918820977211,
            0.31418158531188967,
            0.32533745884895326,
            0.30839537978172304,
            0.31266711473464964,
            0.31691590428352356,
            0.31270875334739684,
            0.31399309158325195,
            0.3083926260471344,
            0.3054520678520203,
            0.30363415002822874,
            0.3090160381793976,
            0.3175616991519928,
            0.3230699360370636,
            0.31647359490394594,
            0.3144215476512909
        ]
    }
}