{
    "train_loss": [
        1.0225081650416057,
        0.8098632791307238,
        0.5860001269976298,
        0.4323855373594496,
        0.3665709740585751,
        0.3393180881606208,
        0.32495919545491536,
        0.31688236362404293,
        0.3126426464981503,
        0.30897015233834585,
        0.3068342146608565,
        0.3042518236239751,
        0.30284138672881655,
        0.29886095497343274,
        0.2978739216592577,
        0.2968106233411365,
        0.29535992211765716,
        0.2925403105881479,
        0.29228799210654366,
        0.29203144702646466,
        0.2907522988650534,
        0.28788778397772047,
        0.2876213632027308,
        0.2872856762011846,
        0.2859714064333174,
        0.2861733736594518,
        0.2839559425910314,
        0.28337801072332597,
        0.2833651399612427,
        0.2815833826859792,
        0.28092168231805165,
        0.280846919880973
    ],
    "val_loss": [
        0.916297287940979,
        0.6822285842895508,
        0.4828488779067993,
        0.3856514811515808,
        0.3487899994850159,
        0.34476574420928957,
        0.3380293083190918,
        0.32664575934410095,
        0.3314584517478943,
        0.33365087032318114,
        0.32017839908599854,
        0.3173860239982605,
        0.3228205692768097,
        0.31819742918014526,
        0.32048728704452517,
        0.32428243160247805,
        0.3137472140789032,
        0.31507407426834105,
        0.3182057023048401,
        0.318947035074234,
        0.31584338665008543,
        0.31324029684066773,
        0.3178945195674896,
        0.31620229125022886,
        0.3148031806945801,
        0.3127111256122589,
        0.30979029536247255,
        0.31270348191261294,
        0.3103108668327332,
        0.3151977789402008,
        0.3156940305233002,
        0.32222827672958376
    ]
}