{
    "loss": [
        1.0243087077822004,
        0.8487569187709263,
        0.6462161325045994,
        0.4810652106489454,
        0.3872802210535322,
        0.3445914139066424,
        0.3260235648836408,
        0.31745095685550145,
        0.3102845101867403,
        0.30582238672460826,
        0.3038766853639058,
        0.3016089687347412,
        0.2994294639144625,
        0.29760676312446593,
        0.29578001604761395,
        0.2947312902382442,
        0.29324606582096646,
        0.29180920709882463,
        0.28968877061775755,
        0.2889677983011518,
        0.2885480133465358,
        0.2876402542931693,
        0.2861365508564881,
        0.28403456231525964,
        0.2846278385094234,
        0.28316471566472734,
        0.2827958734716688,
        0.28148030492237636,
        0.27991837666715896,
        0.27959774119513375
    ],
    "lambda": [
        0.0,
        0.0,
        0.0,
        0.0,
        0.0,
        0.0,
        0.0,
        0.0,
        0.0,
        0.0,
        0.0,
        0.0,
        0.0,
        0.0,
        0.0,
        0.0,
        0.0,
        0.0,
        0.0,
        0.0,
        0.0,
        0.0,
        0.0,
        0.0,
        0.0,
        0.0,
        0.0,
        0.0,
        0.0,
        0.0
    ],
    "Z_norm_mean": [
        0.03383221110488687,
        0.07438798244510378,
        0.08944501123258046,
        0.09001809431825365,
        0.09875301341499601,
        0.11066340475422995,
        0.12185821386745997,
        0.12888748615128653,
        0.13251002512659346,
        0.13003870562144687,
        0.12807192352839877,
        0.12352138934816632,
        0.11854327454737254,
        0.11412972157342094,
        0.10897368070908955,
        0.10412318772929055,
        0.10044683493035181,
        0.09652510869503021,
        0.09360967599494116,
        0.08994927964891707,
        0.08805100622347423,
        0.08550741497107915,
        0.08418344050645828,
        0.08174586755888803,
        0.08047903581176485,
        0.07914620750291007,
        0.0777404152240072,
        0.07770412558317184,
        0.07659537070138114,
        0.07531489542552403
    ],
    "B_norm_mean": [
        0.0008905499992626054,
        0.0012263681947120599,
        0.0014830051273373621,
        0.0015878565038687416,
        0.002003810742869973,
        0.0023411303966173105,
        0.002533212457384382,
        0.0026246263475290365,
        0.002519638662359544,
        0.0025362117580537283,
        0.0024355922858896,
        0.0023779472623552595,
        0.002267984994820186,
        0.002181543749624065,
        0.0021717175754352607,
        0.002183950620038169,
        0.0021229775937806282,
        0.002105893290601671,
        0.0020900057071287716,
        0.0020395549426653553,
        0.0020794064570218325,
        0.002057696307344096,
        0.002049418754942183,
        0.002012319860979915,
        0.0020315640318606582,
        0.0020152002376105102,
        0.0020860139759523526,
        0.0020346799613242704,
        0.002043268216906914,
        0.0020287704752492055
    ],
    "Hv_norm_mean": [
        0.028555562841040747,
        0.07938447481393814,
        0.114893657377788,
        0.0859311027441706,
        0.06308264027323042,
        0.06426923422302519,
        0.07000888470241001,
        0.07537853569643838,
        0.07469704087291446,
        0.07608252467427935,
        0.07208065465518407,
        0.06820814366000039,
        0.06446328984839575,
        0.0630811247399875,
        0.06052542158535549,
        0.05644103935786656,
        0.05613012159722192,
        0.05334742072650364,
        0.05160151122297559,
        0.04969073135937963,
        0.05193532592058182,
        0.047948556763785226,
        0.048113897012812754,
        0.04846695306471416,
        0.04607409424866949,
        0.04639338254077094,
        0.046606336065701075,
        0.04607270198634693,
        0.043308681688138416,
        0.04454003985013281
    ],
    "A_dot_Z_norm_mean": [
        0.03302918108765568,
        0.07340000648157938,
        0.08855483753340584,
        0.08949932946477618,
        0.09830883925301688,
        0.11018970249380385,
        0.12137951059000833,
        0.12843857702187128,
        0.1321057708603995,
        0.12966503267628807,
        0.1277396582875933,
        0.12321317400251117,
        0.11826551195553371,
        0.11387234136036464,
        0.10873080243383135,
        0.10389224171638489,
        0.10022475634302412,
        0.09630987853663309,
        0.09340200247083391,
        0.0897498493535178,
        0.08784716671705246,
        0.08531147557497025,
        0.08399310509647642,
        0.08155712732246943,
        0.08029494709627968,
        0.07896373550380979,
        0.07755860589231764,
        0.07752332182441439,
        0.07641994658538273,
        0.07513871305329459
    ],
    "g_lambda": [
        -0.0019936494672853898,
        -0.007914144196680614,
        -0.007708639069327287,
        -0.004190329751665039,
        -0.0023790575266217015,
        -0.0011664525424795492,
        -0.00044889963584552917,
        0.00014025216962077787,
        0.0003954665308286037,
        0.0005048705077996212,
        0.0003933024669864348,
        0.00036520728256021225,
        0.0002652188275741147,
        0.0002563503235578537,
        0.0002418702620613788,
        0.0002085310047758477,
        0.0001453530423875366,
        0.0001218722130704139,
        0.00011699275027162263,
        0.0001346937583626381,
        0.00016025938858677235,
        0.00015466298029891083,
        0.00010760588198900223,
        0.00016442545875906944,
        0.00017774023674428462,
        0.00022693415358662606,
        0.00025235182539160765,
        0.00024230647778936796,
        0.00012919876817613841,
        0.0001845068392077727
    ],
    "grad_norm_mean": [
        0.4445257422583444,
        0.5338709517887661,
        0.5961688465390886,
        0.6752340064729963,
        0.7210596201760429,
        0.7383289401190621,
        0.8166632408414568,
        0.8732081495012556,
        0.810333900996617,
        0.856417090007237,
        0.8687592024121966,
        0.8984789135796684,
        0.8889678903307233,
        0.9092248702730451,
        0.8840167405264718,
        0.9096918392181397,
        0.9654322009767805,
        0.8893694393975394,
        0.9126646144730705,
        0.946919843196869,
        0.9563995404924666,
        0.960759835924421,
        0.9384258006300245,
        0.9252704200063433,
        0.9269766292572021,
        0.9614414582933698,
        0.9656002979278564,
        0.9611169736725943,
        0.8925083716937474,
        1.0000338068008423
    ],
    "val_loss": [
        0.9422392339706421,
        0.7343176445960998,
        0.5387367444038391,
        0.40962740921974183,
        0.353760627746582,
        0.3318608915805817,
        0.32728972005844115,
        0.3142723751068115,
        0.30869074964523313,
        0.3038515362739563,
        0.30818128991127014,
        0.30212670874595643,
        0.30082346343994143,
        0.3033824121952057,
        0.2986526404619217,
        0.30045476388931275,
        0.2954609069824219,
        0.3001512017250061,
        0.29693296444416045,
        0.2969126366376877,
        0.29642280673980714,
        0.29463182950019834,
        0.29740116524696353,
        0.2986615306138992,
        0.29782863688468936,
        0.29233520770072935,
        0.29055576252937315,
        0.29137111830711365,
        0.29465236389636995,
        0.29247984993457793
    ],