{
    "mse": 2.468369960784912,
    "rmse": 1.571104645729065,
    "mae": 1.220955729484558,
    "pairwise_pearson_correlation": 0.9749503912213583,
    "mean_variance_around_ensemble": 0.0323749500617121,
    "time_in_seconds": 22.493049566051923,
    "params": {
        "lambda_init": 0.0,
        "lambda_lr": 0.1
    }
}