{
    "loss": [
        0.33833376967906953,
        0.24477571882520402,
        0.2261788328715733,
        0.20731448529447827,
        0.19746387023585182,
        0.1872649462904249,
        0.17842754482371467,
        0.16710946490615605,
        0.1662019169564758,
        0.15622231692927224,
        0.14934455608044353,
        0.1433697498014995,
        0.13351522243022917,
        0.13362877452373503,
        0.1273520643200193,
        0.11569756117888859,
        0.11144992159945624,
        0.10976400500748838,
        0.10521670506043093,
        0.09638825637953621,
        0.09184128303400108,
        0.09153415828198194,
        0.0837345793885844,
        0.08558376856627209,
        0.07872784668420042,
        0.08025727461065565,
        0.06694217713602951,
        0.07149642186931202,
        0.06558081201330891,
        0.07202958463345255
    ],
    "lambda": [
        0.8481691481045315,
        0.5827419775554112,
        0.6014891935757228,
        0.5380700518744332,
        0.46360205517496383,
        0.37965956275803703,
        0.3288359627042498,
        0.26729216836180003,
        0.25940910407475065,
        0.2351620694569179,
        0.23368429682935987,
        0.24594121772902353,
        0.28386016392707825,
        0.30663081237248013,
        0.3125375986099243,
        0.2987425267696381,
        0.39164585133961266,
        0.4106886171954019,
        0.3371167197568076,
        0.4404330886432103,
        0.5207328117234367,
        0.47171537617274695,
        0.5283941985198429,
        0.4242234072004046,
        0.5327614676611764,
        0.5028519149507795,
        0.3562266301086971,
        0.5696963663782392,
        0.25639058382170543,
        0.34027928682735986
    ],
    "Z_norm_mean": [
        0.4518153642416,
        0.5509141511235919,
        0.4964974989891052,
        0.35307360775130137,
        0.3026620450019836,
        0.2564810770579747,
        0.23559789221627372,
        0.21831188126972745,
        0.2363153009074075,
        0.23137703338691165,
        0.2598761422293527,
        0.278937152828489,
        0.28482902244159153,
        0.32773955317905973,
        0.39466156254495893,
        0.3336367509024484,
        0.3941116812229156,
        0.4909116428920201,
        0.4048818084853036,
        0.46338218723024643,
        0.47266473749705723,
        0.5540012545585632,
        0.5330746084621975,
        0.6086577269690377,
        0.5799591703414917,
        0.6469995553834098,
        0.577779635156904,
        0.8632573292596,
        0.916022707257952,
        0.9547657649176461
    ],
    "B_norm_mean": [
        0.03909319715414728,
        0.04974912107416562,
        0.04892308042304856,
        0.04605356702208519,
        0.04648987109746252,
        0.04320890500290053,
        0.04621738212662084,
        0.04487772244239958,
        0.0503556319879634,
        0.04849435235400285,
        0.05500666914773839,
        0.05689794848220689,
        0.060056838065385816,
        0.06859291648119688,
        0.06960051443321365,
        0.06816386178987367,
        0.07517577507240432,
        0.0837774265642677,
        0.07625809473491141,
        0.08041090479599577,
        0.086743054451687,
        0.09285316593572497,
        0.09392436551196234,
        0.10514448291116527,
        0.09946715729790075,
        0.10415422134420702,
        0.08614359900461777,
        0.11578588334577425,
        0.11078164825841252,
        0.11194596703350544
    ],
    "Hv_norm_mean": [
        0.22509673229285648,
        0.24200127880913871,
        0.23648494819232396,
        0.14904027053288052,
        0.12537253046035768,
        0.10714999429668699,
        0.10733048568453107,
        0.10171505531242915,
        0.12427384948730469,
        0.11114874528135572,
        0.14687838077545165,
        0.1621738839830671,
        0.16786720992837634,
        0.20173536103112358,
        0.22348932807786123,
        0.19111086814744133,
        0.2256395308290209,
        0.3052912702390126,
        0.24318103393486568,
        0.2829463971682957,
        0.3082635486125946,
        0.3897005261012486,
        0.3340166153907776,
        0.44399835923739844,
        0.3852042566708156,
        0.4499594144139971,
        0.3845767397880554,
        0.7175695221083505,
        0.6769044011660985,
        0.7319208183288575
    ],
    "A_dot_Z_norm_mean": [
        0.43354681868212563,
        0.5353841035025461,
        0.48077986185891286,
        0.34016871411459787,
        0.290082405260631,
        0.245915863769395,
        0.2252400766951697,
        0.20842602418150222,
        0.22510160613059998,
        0.22165727976390293,
        0.2479820192881993,
        0.2670372786521912,
        0.27240872750963485,
        0.3128348454747881,
        0.38127108570507595,
        0.31934217228208267,
        0.38001332909720287,
        0.4726897644315447,
        0.39073178148269655,
        0.4463313956941877,
        0.4554786046573094,
        0.5365259707995823,
        0.5153776094572885,
        0.5904234801701137,
        0.5619512117249625,
        0.6290166861670358,
        0.5622280417169844,
        0.8429280268805368,
        0.9000362434387207,
        0.9376350607190813
    ],
    "g_lambda": [
        0.004109176043820168,
        0.001968941312815462,
        0.0002519013668809618,
        0.0011457000135311059,
        0.0016357459380690542,
        0.0007956072521795119,
        0.001447194331990821,
        0.0008655655269644091,
        9.943429919491922e-05,
        5.122974109170692e-05,
        2.7618179796263576e-05,
        -0.00043648790914033143,
        -0.0007763543972479445,
        -3.272902726062706e-05,
        0.0002863813345985753,
        -0.0009193640034645796,
        -0.0016331759531583105,
        0.0018321475986657397,
        -0.0018250979565616165,
        -0.0019488057744290147,
        0.0011618298489068236,
        -0.0014440619594284466,
        0.0021956354353044713,
        -0.0015660194818462644,
        -0.0006109037511050702,
        0.0020727213301828928,
        0.003820301956896271,
        -0.007197630153702838,
        0.005500625143093722,
        -0.0005327458285859653
    ],
    "grad_norm_mean": [
        0.41728174958910264,
        0.5109216097423008,
        0.5519397554397583,
        0.5483790142876761,
        0.5565303792953491,
        0.5421331624984741,
        0.5680463098798479,
        0.553467184322221,
        0.614535361971174,
        0.5933881355694363,
        0.6086050549915859,
        0.6018757314000811,
        0.6047213640213013,
        0.6455859839575632,
        0.6254355908802578,
        0.5961840111528124,
        0.6161624992915562,
        0.6286509385108948,
        0.6344844749995641,
        0.5874740236827305,
        0.5876842021260943,
        0.6318659649576459,
        0.5907260035106114,
        0.6614660831178938,
        0.6055732363973345,
        0.6300644550323486,
        0.5732005982058389,
        0.6234348110812051,
        0.6555101494363376,
        0.6716339476449149
    ],