{
    "cross_entropy": 0.3085090219974518,
    "balanced_accuracy": 0.8578445908334092,
    "macro_f1_score": 0.8576613008135957,
    "disagreement": 0.027000000182953145,
    "mean_pairwise_js_divergence": 0.0030649580682317414,
    "time_in_seconds": 61.22155666601611,
    "params": {
        "lambda_init": 0.0,
        "lambda_lr": 0.5
    }
}