{
    "loss": [
        0.32789189120133716,
        0.24277957710954878,
        0.21953978174262576,
        0.20599455346663792,
        0.19570167028241686,
        0.18229633579651514,
        0.17195876096685728,
        0.1680362363656362,
        0.16121226221323012,
        0.15083794201413792,
        0.14522942735089195,
        0.13416203344861666,
        0.12989770768417253,
        0.12658551138308313,
        0.1240152528633674,
        0.11357621375057432,
        0.10487912830379274,
        0.1077015115486251,
        0.09914856835371919,
        0.09519463283734189,
        0.09404677473008632,
        0.08193726795415084
    ],
    "lambda_0": [
        0.32356385164790685,
        0.3235730972554949,
        0.3235789611604479,
        0.32358157369825574,
        0.32359318296114603,
        0.32360835393269854,
        0.3236287585894267,
        0.3236632368299696,
        0.32369619607925415,
        0.32369397785928516,
        0.3237225902080536,
        0.32373216483328077,
        0.32374474048614504,
        0.32379165954060024,
        0.32382693039046395,
        0.3239378293355306,
        0.3240066158771515,
        0.32409706367386715,
        0.3241076674726274,
        0.32405880875057647,
        0.3239274635579851,
        0.32396077712376914
    ],
    "lambda_1": [
        0.3235647706190745,
        0.32357433160146076,
        0.3235705501503415,
        0.3235657963487837,
        0.3235470347934299,
        0.32352097193400065,
        0.3235077420870463,
        0.32350383904245167,
        0.32351315683788723,
        0.32351422137684294,
        0.32354948467678496,
        0.32356036225954693,
        0.32358357893096074,
        0.323552311791314,
        0.3234825926356845,
        0.32342040287123786,
        0.32336050709088643,
        0.3233283305168152,
        0.32326919701364304,
        0.32323431968688965,
        0.3231786702738868,
        0.3230961505572001
    ],
    "lambda_2": [
        0.3235587718751695,
        0.32352457298172843,
        0.32348753028445776,
        0.3234711070855459,
        0.3234634996785058,
        0.3234471286667718,
        0.32342363874117536,
        0.3234174868795607,
        0.3233897056844499,
        0.32335330420070224,
        0.3233190645111932,
        0.3233033235867818,
        0.32330159770117867,
        0.3232993609375424,
        0.3232751680745019,
        0.32330155703756547,
        0.32330673747592503,
        0.32331118755870397,
        0.3232887824376424,
        0.32337096412976585,
        0.3234975624084473,
        0.32358371562427946
    ],
    "lambda_3": [
        0.3235721658335792,
        0.32362846281793384,
        0.3236520498328739,
        0.3236707985401154,
        0.32367418739530773,
        0.32369739996062386,
        0.32372479769918655,
        0.3237287554475996,
        0.32374168965551586,
        0.3237652764055464,
        0.3237998064359029,
        0.32381382703781125,
        0.3238739314344194,
        0.3239086985588074,
        0.32397255394193863,
        0.32405098689927,
        0.3241370789210002,
        0.32421671152114867,
        0.3241949134402805,
        0.32417070243093704,
        0.3240329005983141,
        0.32397328045633106
    ],
    "lambda_4": [
        0.323567603164249,
        0.32358934813075596,
        0.32359205391671925,
        0.3235980060365465,
        0.3235822769006093,
        0.3235698429743449,
        0.3235820884174771,
        0.3235954266124301,
        0.3236134813891517,
        0.3236327730284797,
        0.3236376025941637,
        0.3236779193083445,
        0.3236483101050059,
        0.32364520364337496,
        0.32365839454862805,
        0.3236898840798272,
        0.32372742136319477,
        0.32381348305278357,
        0.32382569909095765,
        0.323900772995419,
        0.32392048650317723,
        0.3239127202828725
    ],
    "lambda_5": [
        0.3235813179281023,
        0.3236651306682163,
        0.3236859544118245,
        0.32370997269948326,
        0.3237144323190053,
        0.32373784873220657,
        0.32376290718714396,
        0.32378644148508706,
        0.32382605605655246,
        0.3238303053379059,
        0.3238118882973989,
        0.3238453276952108,
        0.3238632379637824,
        0.32387124167548287,
        0.32388883299297755,
        0.32389135042826334,
        0.32383080575201245,
        0.3237874578105079,
        0.32370353870921664,
        0.3235912950833639,
        0.32350582308239406,
        0.3234879289733039
    ],
    "lambda_6": [
        0.323559760649999,
        0.32353742241859434,
        0.3235295261277093,
        0.3235230843226115,
        0.3235090568330553,
        0.3234781697061327,
        0.3234315227137672,
        0.32338415092892114,
        0.32335896028412714,
        0.32330926338831584,
        0.32325800749990674,
        0.32321789039505855,
        0.32319906711578367,
        0.3230971548292372,
        0.3230486804909176,
        0.32300099081463285,
        0.3229435469044579,
        0.32289541125297544,
        0.3228023866812388,
        0.32273229042689006,
        0.32264196806483797,
        0.3226557833618588
    ],
    "lambda_7": [
        0.3235714872678121,
        0.32357450776629976,
        0.32355777541796366,
        0.32354080147213404,
        0.3235297355386946,
        0.3235299950175815,
        0.3235344862937927,
        0.32351897901958887,
        0.32346272137429977,
        0.3234521855248345,
        0.32343761576546565,
        0.32338881731033325,
        0.3233308740456899,
        0.3232842716905806,
        0.3232255217764113,
        0.3232071879174974,
        0.32320680247412786,
        0.32313748836517336,
        0.32297026978598703,
        0.32277470813857184,
        0.32264567997720506,
        0.322518869638443
    ],
    "lambda_8": [
        0.32357025358412,
        0.3236123581727346,
        0.3236096301343706,
        0.3236060235235426,
        0.3236066358619266,
        0.3236263276471032,
        0.32363366034295826,
        0.3236407128969828,
        0.3236595524681939,
        0.3236531052324507,
        0.3236486126316918,
        0.3236561291747623,
        0.32363429135746424,
        0.32361853188938566,
        0.32359635220633615,
        0.3235804549853007,
        0.32360474308331805,
        0.3235967230796814,
        0.32359536753760443,
        0.32362109276983475,
        0.3236238083574507,
        0.3235829606321123
    ],
    "lambda_mean": [
        0.3235677705870734,
        0.3235865836673313,
        0.3235848867893219,
        0.3235852387216356,
        0.323580004506641,
        0.3235795589288076,
        0.32358107129732766,
        0.3235821229881711,
        0.323584614859687,
        0.32357826736238265,
        0.32357607311672637,
        0.3235773086547852,
        0.32357551574707033,
        0.3235631545384725,
        0.32355277882681954,
        0.32356451829274496,
        0.32356936746173437,
        0.32357597841156854,
        0.32352863748868305,
        0.32349499066670734,
        0.3234415900707245,
        0.3234191372659471
    ],
    "Z_norm_mean": [
        0.05387670444945494,
        0.11461820496453179,
        0.14174071775542366,
        0.1681760781341129,
        0.19345068143473731,
        0.21890103929572635,
        0.2431343490547604,
        0.27068545619646706,
        0.29920629805988735,
        0.3297809437910716,
        0.3679541476567586,
        0.4020687423812018,
        0.4375101776917775,
        0.4673175523016188,
        0.5044593538178338,
        0.542307624551985,
        0.5801210753122965,
        0.6198702088991801,
        0.6754038376278347,
        0.7257844273249309,
        0.78138708697425,
        0.8348855850431655
    ],