{
    "loss": [
        0.8904157144581568,
        0.6844049740348923,
        0.5375260139790955,
        0.46261450500015516,
        0.4143109171337635,
        0.4228004770477244,
        0.47332163473796635,
        0.39503825688579025,
        0.33928800678324,
        0.3003887012794564,
        0.27217459769257596,
        0.25199146463089256,
        0.23785535384742823,
        0.22773457895943633,
        0.22055460354662543,
        0.21714601150032228,
        0.21466382620859625,
        0.2130586543835276,
        0.21206779011089122,
        0.21079237460868755,
        0.2109673849621361,
        0.21060553050333355,
        0.2101149802762604,
        0.21025854209974004,
        0.20947456136871526,
        0.20963736728934873,
        0.20957764345741697,
        0.20961113411323137,
        0.20900569873320052,
        0.20884380713962863
    ],
    "lambda": [
        0.9650434929776537,
        1.2912588883544094,
        1.0435445247376403,
        1.0371221704550317,
        1.0228314209816582,
        0.7499351582748935,
        0.0007737782357396842,
        1.2888680144762665e-05,
        3.42170172189409e-05,
        2.3825197507247932e-05,
        3.8505793295626385e-05,
        0.00025216494188905095,
        0.0006857695944720848,
        0.0013055725889370355,
        0.0019512030382745093,
        0.0041393424455882935,
        0.014591177607303076,
        0.03791618457418855,
        0.06906586891538895,
        0.10289824914188576,
        0.12655968668621975,
        0.1464897209921602,
        0.16808490274211885,
        0.18377830728894046,
        0.20387045070777982,
        0.225954984815157,
        0.24021266347141104,
        0.2506834624692759,
        0.25900364401302417,
        0.2693105965708872
    ],
    "Z_norm_mean": [
        0.0878047992389219,
        0.8944022917101209,
        2.7518226621410373,
        5.349664004637856,
        8.960712460483533,
        8.282192873857387,
        4.132404714014908,
        3.6136140217800543,
        3.4389008692193554,
        3.3335917246549758,
        3.2368081403053077,
        3.1425335122181766,
        3.0460698439912908,
        2.9546631217401265,
        2.8648219672534885,
        2.777523159847975,
        2.693940936611613,
        2.6127961570783658,
        2.5346774524620725,
        2.4585078177822153,
        2.3845577882737685,
        2.3140805225322736,
        2.2444466478621874,
        2.178983611153972,
        2.115110129084766,
        2.053621809410863,
        1.9934865998548954,
        1.9339086445033926,
        1.8788617424392984,
        1.8243814178704774
    ],
    "B_norm_mean": [
        0.0022791534021767905,
        0.009834583875343807,
        0.022887400616371206,
        0.03394064120740816,
        0.04564489890962031,
        0.03743325279782828,
        0.0029568209979142627,
        0.001343605942876143,
        0.0009685415336502543,
        0.0008079904718034044,
        0.0007341041734924203,
        0.0006810520141708156,
        0.0006676686144282787,
        0.0006403415618191836,
        0.0006025358635103596,
        0.0005657500440425648,
        0.0005900671286197194,
        0.0005708425758822208,
        0.0005416122046940795,
        0.0005207021259541931,
        0.0005233160871459048,
        0.000509879672090598,
        0.000501728946599152,
        0.0004965688069179831,
        0.00048765952491733696,
        0.0004939059047120068,
        0.00048742561770213655,
        0.00046533738810920414,
        0.00048095584708527755,
        0.0004648271551863399
    ],
    "Hv_norm_mean": [
        0.1218296520569667,
        10.94710757782855,
        65.96480094974828,
        86.54282974656789,
        209.59795330060356,
        213.2728513773604,
        11.000769002172879,
        3.3181771311315513,
        2.0191111334451195,
        1.5297130534430219,
        1.3776442333087575,
        1.376020532799971,
        1.437113038235511,
        1.3384879443710107,
        1.2475789652143408,
        1.125359150321343,
        1.0687333945222295,
        1.0502454077405112,
        0.9876929002316345,
        1.0013603470027115,
        0.892886394158288,
        0.9202386163399204,
        0.8202498350451527,
        0.8440241341337678,
        0.7569016328408644,
        0.7634581145060979,
        0.7201873974600026,
        0.7424390277055131,
        0.6442085621837697,
        0.6668498144245396
    ],
    "A_dot_Z_norm_mean": [
        0.08558502748077393,
        0.8853263849225843,
        2.7300129490982323,
        5.317148342656682,
        8.91730116275089,
        8.251781187755133,
        4.131580121004577,
        3.613543487507041,
        3.43883723713322,
        3.3335406746600493,
        3.236766515944998,
        3.1424983203787367,
        3.046039441594217,
        2.9546358459641224,
        2.8647976789251386,
        2.7775011103347116,
        2.6939207894006185,
        2.6127774856190586,
        2.534659761236894,
        2.4584904827241156,
        2.3845412688674954,
        2.314064300595895,
        2.2444307940448036,
        2.1789681606030666,
        2.1150948850806652,
        2.0536066480963107,
        1.9934714125559934,
        1.9338936478154083,
        1.8788466596532567,
        1.8243662960857783
    ],
    "g_lambda": [
        -0.02631931321285983,
        -0.048386402657781886,
        0.21491964581373055,
        -0.059302394701298666,
        0.05585242220782632,
        0.4168196578606592,
        0.5008377483840153,
        0.39589443689954357,
        0.16182233075442873,
        0.08360080622936154,
        0.05368267375432201,
        0.03243761613129507,
        0.01922033286440265,
        0.008930944833825656,
        0.003265685801896776,
        0.0004738623769507725,
        -0.0018595758102710764,
        -0.0038574424425656694,
        -0.003729892989210411,
        -0.0038431209234179803,
        -0.0021840103940309933,
        -0.002212281615102945,
        -0.0024622080367261863,
        -0.002152526521615371,
        -0.0026098188853899075,
        -0.0019524857018667218,
        -0.0015804349635705226,
        -0.0009875155346778647,
        -0.0012387352643864465,
        -0.0010298973131130582
    ],
    "grad_norm_mean": [
        1.0873442112270713,
        1.926881320760722,
        4.089507767492805,
        3.5916844471387157,
        5.344784103270317,
        7.1144621547960325,
        1.2732270086205586,
        0.9835886506400408,
        0.9616158761988773,
        0.8916415898188135,
        0.8428181855597994,
        0.8454879917622143,
        0.9257348529300059,
        0.9169485370686982,
        0.9443642925782315,
        0.8705572162558056,
        0.8448732248080338,
        0.9032379323737665,
        0.905848172885797,
        0.9640404386587671,
        0.9055495379009169,
        0.9783964667052882,
        0.853087973249388,
        0.962577113908682,
        0.8771563182742986,
        0.9351119741913646,
        0.8719023977829274,
        0.9920968387899813,
        0.8485564904012868,
        0.9022529763091774
    ],
    "val_loss": [
        0.8336131916417704,
        0.5885748319037549,
        0.48052487665569626,
        0.41470381786393656,
        0.3653412852132793,
        0.5085492877217083,
        0.42902544531729314,
        0.3470726880160245,
        0.29457900588243424,
        0.259741923262595,
        0.2363348389058011,
        0.21935637385052228,
        0.2072265605174114,
        0.20051771621885045,
        0.19570174074477392,
        0.19533315722999925,
        0.19333641102368182,
        0.1924810660525237,
        0.19160582539141663,
        0.19170589665122567,
        0.19163899216026087,
        0.19455703425723092,
        0.19129845399682427,
        0.19091383044701674,
        0.19384913329271952,
        0.19167561984179518,
        0.1911771812609264,
        0.1928404358902027,
        0.1913730643075806,
        0.19119028087808182
    ],