{
    "train_loss": [
        0.989477838675181,
        0.7187273825539483,
        0.4797860180007087,
        0.37245055198669436,
        0.3387428441312578,
        0.32509438739882573,
        0.3156826278236177,
        0.310280451046096,
        0.30732028471099004,
        0.30383338107003105,
        0.3017217848698298,
        0.29943818701638114,
        0.2975314151578479,
        0.2934530599249734,
        0.2928608744011985,
        0.29158444000615014,
        0.28997859630319806,
        0.2867822567953004,
        0.2863958235581716,
        0.28621224774254694,
        0.28489392028914556,
        0.2815737136867311,
        0.2813273238473468,
        0.280830749074618,
        0.2793867692682478,
        0.279631743894683,
        0.2770799594455295,
        0.27639933188756305,
        0.27624298565917543,
        0.27429871155156027,
        0.2736453885502285,
        0.273590872420205
    ],
    "task": [
        0.9896894693374634,
        0.7191962713665433,
        0.480354350010554,
        0.3729538059234619,
        0.3391317457622952,
        0.3253960676987966,
        0.31592064479986826,
        0.3104787039094501,
        0.30749208158916896,
        0.3039879087607066,
        0.3018640820185343,
        0.2995722283257378,
        0.2976619384023878,
        0.2935765968428718,
        0.29298374666108024,
        0.2917045319080353,
        0.29009942948818207,
        0.2868997655974494,
        0.2865137847264608,
        0.2863306824366252,
        0.28501270198159745,
        0.2816948405901591,
        0.28144680791431004,
        0.2809535178873274,
        0.27951118648052214,
        0.2797575138674842,
        0.27720643533600703,
        0.2765285534991158,
        0.27637380692693925,
        0.274431458512942,
        0.2737802031967375,
        0.2737249965800179
    ],
    "penalty": [
        0.0010824493360188272,
        0.0023983526571343342,
        0.0029070058185607195,
        0.0025741180156668027,
        0.0019892345436124336,
        0.0015430891477606363,
        0.0012174343053872386,
        0.0010140572193389139,
        0.0008787185083039933,
        0.0007904063830048674,
        0.0007278750210793482,
        0.0006856030975985858,
        0.0006676142032827354,
        0.0006318866294653465,
        0.0006284999668908616,
        0.0006142741449487706,
        0.0006180700848603414,
        0.0006010479279535098,
        0.0006033590860250924,
        0.0006058073677639995,
        0.0006075604263848315,
        0.0006195674258439491,
        0.0006111697681869069,
        0.0006279600331456297,
        0.0006363908821044283,
        0.0006433123106964761,
        0.0006469107173486717,
        0.0006609669136297372,
        0.0006691529876035121,
        0.0006789954614618586,
        0.0006895969117370744,
        0.0006860691477130684
    ],
    "val_loss": [
        0.8529710435867309,
        0.5671168041229248,
        0.4047006368637085,
        0.35131097078323364,
        0.33837019085884096,
        0.3370475101470947,
        0.3330285859107971,
        0.32409518480300903,
        0.3260089337825775,
        0.3319574999809265,
        0.31473601460456846,
        0.3125585174560547,
        0.3204730749130249,
        0.313452844619751,
        0.3158251678943634,
        0.32056572794914245,
        0.3084094154834747,
        0.30954537153244016,
        0.3122680687904358,
        0.31542901396751405,
        0.3102384865283966,
        0.3075167393684387,
        0.315067355632782,
        0.3085678291320801,
        0.30847758293151856,
        0.3046477711200714,
        0.30321205139160157,
        0.3071270394325256,
        0.3037452292442322,
        0.3096820592880249,
        0.3084177708625793,
        0.31609466433525085
    ],
    "js_mean": [
        0.007661508491262792,
        0.011912013233949742,
        0.012236157576243084,
        0.009974954929202796,
        0.00828657059619824,
        0.006167918893819054,
        0.005331977312763532,
        0.004652189155730108,
        0.004249664896167814,
        0.0038638533381745222,
        0.0036778105261425177,
        0.003569966330503424,
        0.0034374787276610736,
        0.003428687213609616,
        0.0033023759350180627,
        0.003305927853410443,
        0.0032045393980418653,
        0.0032809312132497633,
        0.0032844003653153776,
        0.0032296419243017845,
        0.003245144965747992,
        0.003202768066897988,
        0.0032717028809711333,
        0.0033440131687869634,
        0.003421108495444059,
        0.0034579267244165142,
        0.0034736434485142433,
        0.003524767423359056,
        0.0034273977135308087,
        0.0035078352854276697,
        0.003575624351700147,
        0.003582221690254907
    ],
    "disag": [
        0.2311666666666666,
        0.13549999999999998,
        0.08449999999999999,
        0.05883333333333333,
        0.05266666666666667,
        0.03216666666666667,
        0.035166666666666666,
        0.02583333333333333,
        0.027000000000000003,
        0.024166666666666666,
        0.023666666666666666,
        0.0245,
        0.024333333333333332,
        0.022833333333333337,
        0.0245,
        0.0265,
        0.020499999999999997,
        0.022833333333333337,
        0.022499999999999996,
        0.02483333333333333,
        0.027999999999999997,
        0.023499999999999997,
        0.026166666666666668,
        0.029666666666666668,
        0.0315,
        0.024999999999999994,
        0.026333333333333334,
        0.021,
        0.026999999999999996,
        0.029833333333333333,
        0.025666666666666664,
        0.028499999999999998
    ]
}