{
    "mse": 2.611816883087158,
    "rmse": 1.6161116361618042,
    "mae": 1.2598758935928345,
    "pairwise_pearson_correlation": 0.9647913266562979,
    "mean_variance_around_ensemble": 0.02018682494613396,
    "time_in_seconds": 23.967996094026603,
    "params": {
        "lambda_init": 0.9,
        "lambda_lr": 0.05
    }
}