{
    "loss": [
        0.8981287931581434,
        0.7434514978097533,
        0.6180685211458571,
        0.5291577250407258,
        0.46765480687682,
        0.4208866991476193,
        0.3794136995742235,
        0.34312646377055656,
        0.3100878831581515,
        0.28094541752068386,
        0.2580326239578772,
        0.24158211100557414,
        0.2304499363460994,
        0.2225663571819425,
        0.21694573668594969,
        0.2146695603253759,
        0.21294383693042404,
        0.21184468806077678,
        0.2111685436607691,
        0.21011743065684957,
        0.21043936557987566,
        0.2101821085134493,
        0.2097529968695706,
        0.20996390452149893,
        0.20921873703261445,
        0.20942795700492178,
        0.2094199548876954,
        0.2094590703860296,
        0.20887456194114118,
        0.20873223389009538
    ],
    "lambda": [
        0.5,
        0.5,
        0.5,
        0.5,
        0.5,
        0.5,
        0.5,
        0.5,
        0.5,
        0.5,
        0.5,
        0.5,
        0.5,
        0.5,
        0.5,
        0.5,
        0.5,
        0.5,
        0.5,
        0.5,
        0.5,
        0.5,
        0.5,
        0.5,
        0.5,
        0.5,
        0.5,
        0.5,
        0.5,
        0.5
    ],
    "Z_norm_mean": [
        0.054922536151076264,
        0.10462707052587622,
        0.12979676605731724,
        0.15181928595290767,
        0.17539480423732534,
        0.1901236031131146,
        0.1919750408682733,
        0.18576529080368442,
        0.17932436607205376,
        0.17475399455747948,
        0.17317462853901988,
        0.17393184935475564,
        0.17547762681682713,
        0.17726566088916731,
        0.17816940777216797,
        0.17820540021840764,
        0.1772621470205057,
        0.17566198382818518,
        0.17335468449315483,
        0.17122671355047592,
        0.16850211100311824,
        0.16609466465994455,
        0.16364992539146953,
        0.16102746407360646,
        0.15874919638375212,
        0.15668303093147065,
        0.15444192911695026,
        0.15237737495439715,
        0.1506547223246766,
        0.14891676068571566
    ],
    "B_norm_mean": [
        0.0016233483563715745,
        0.0014914853552894475,
        0.0016573930284229023,
        0.001592711628180563,
        0.0014132770794076169,
        0.00120014244378598,
        0.0010315682075672527,
        0.0009083934612015406,
        0.0008345618915792197,
        0.0008264807911608417,
        0.000803578554988433,
        0.0007965078081477764,
        0.000782973210147841,
        0.0007801344718492213,
        0.0007391109632212645,
        0.0006943026002419707,
        0.0007273832851702003,
        0.0006842070202610493,
        0.0006652512573600756,
        0.000629568106918141,
        0.0006180684899840735,
        0.0006083175715479572,
        0.0005836780915962587,
        0.0005738076302086305,
        0.0005638944483965613,
        0.000561350232540608,
        0.0005599648870767751,
        0.0005298159819672481,
        0.0005519969511699005,
        0.0005284194216833163
    ],
    "Hv_norm_mean": [
        0.1724963358818179,
        0.3477552051199797,
        0.4568749376269375,
        0.4645478507642891,
        0.405865776330797,
        0.3697892068444332,
        0.34009015219299227,
        0.3002064820452335,
        0.26293883382765015,
        0.2248018272317921,
        0.1950730521396505,
        0.1789017658427529,
        0.17024568620774544,
        0.16157598317089994,
        0.15981594592919368,
        0.15112714972409272,
        0.15001896219628919,
        0.14559870495744853,
        0.13853075114316404,
        0.13498723457127842,
        0.12786885595790878,
        0.1283450297516073,
        0.11554367501652467,
        0.11191547615263393,
        0.10731337720516487,
        0.102254129074738,
        0.09859616934389949,
        0.09697200927289941,
        0.09242342535864231,
        0.08758039427232972
    ],
    "A_dot_Z_norm_mean": [
        0.05334623660124504,
        0.10330809610475628,
        0.128350117604528,
        0.15051774708834273,
        0.1743501410292198,
        0.18930327395413651,
        0.1913418346539422,
        0.18529555110231102,
        0.17895985447559223,
        0.17444219789095983,
        0.17289465016208524,
        0.17366904545972395,
        0.1752265901524384,
        0.17702166207143025,
        0.1779383064157406,
        0.17798763267886802,
        0.17705821142712802,
        0.1754723545668783,
        0.173178538763076,
        0.17106084353499726,
        0.16834855793445827,
        0.16594966980457482,
        0.16351628498299786,
        0.16090198692848723,
        0.15863067331121086,
        0.15657090736816595,
        0.15433540820212246,
        0.1522752743890814,
        0.15055596176085312,
        0.14882157301973598
    ],
    "g_lambda": [
        -0.014272067018200474,
        -0.03615041716336219,
        -0.03952298457798265,
        -0.027027602635691966,
        -0.015107559121459047,
        -0.0072065297191885825,
        -0.003877627951477928,
        -0.0032128163343976743,
        -0.0034541372838162087,
        -0.003792467480577249,
        -0.0038822825091645104,
        -0.0034596360519575423,
        -0.0029653004762191402,
        -0.002112442320105514,
        -0.0014419592889515157,
        -0.000855085777446131,
        -0.00037690137889591726,
        3.986753059244714e-05,
        0.00024393678933653165,
        0.0003852113248621979,
        0.00047315136598498515,
        0.0005341649295595664,
        0.00047380257544176553,
        0.000546236703127541,
        0.0005551522165036118,
        0.0005187366662553563,
        0.0005568884198344719,
        0.0005096283679391609,
        0.0006078723484336931,
        0.0005795305831350229
    ],
    "grad_norm_mean": [
        1.0703302660353158,
        0.9837777668598457,
        0.9435434568959721,
        0.9759487506850165,
        0.9153124295421307,
        0.9213186002689536,
        0.945550512479576,
        0.937131148176126,
        0.961794582831563,
        0.8918769237413487,
        0.8368750937667603,
        0.8408825777296767,
        0.9244499412824175,
        0.9212554963689464,
        0.9477903590165148,
        0.8753536201700861,
        0.845485022596564,
        0.9048553625978681,
        0.9096662533402753,
        0.9672284242259584,
        0.909557573688194,
        0.9826880822250758,
        0.8561488977383381,
        0.9668960261867252,
        0.8783701021256077,
        0.9390640136613927,
        0.8769656315285435,
        0.9973644392223904,
        0.8512498548913524,
        0.9059808081603166
    ],
    "val_loss": [
        0.853411129233125,
        0.7000950846579168,
        0.5776797333708057,
        0.49183741488627025,
        0.4303207463258273,
        0.3802802415903319,
        0.33870323307860595,
        0.3010280188874571,
        0.26920611243921805,
        0.24361380078926587,
        0.2253982178628741,
        0.21210016551572686,
        0.2026477999743883,
        0.1976213156363576,
        0.19392566725603372,
        0.19437723224438339,
        0.19270820204870073,
        0.19208437145336882,
        0.19137181812419568,
        0.19147482908447272,
        0.1914904393972345,
        0.1946537398219157,
        0.19111035384459635,
        0.19074288052748647,
        0.19374073818216148,
        0.19160953840004982,
        0.1910833269709951,
        0.19272328928323135,
        0.19131612954963628,
        0.19113087126918668
    ],