{
    "loss": [
        0.9030510221012809,
        0.7526619914978621,
        0.6251476442132171,
        0.532229990320404,
        0.4682765773850615,
        0.4207554033618853,
        0.37927967690365755,
        0.34315762536325645,
        0.3103113331805363,
        0.2812985343269995,
        0.25843959570766556,
        0.24200105226664043,
        0.23081223073498802,
        0.22284165663852862,
        0.21715712155821684,
        0.2148297905639738,
        0.21303124523853398,
        0.21189340644174023,
        0.21119112556546407,
        0.21012133345522493,
        0.21042925726402395,
        0.21015612574655948,
        0.20971423396380737,
        0.20992003169050458,
        0.20916915098132585,
        0.20937704366576126,
        0.20937174644405587,
        0.20942164825277615,
        0.2088341041209748,
        0.2086989733805853
    ],
    "lambda": [
        0.01356972644268937,
        0.06690260870025984,
        0.1336487594630875,
        0.18758462891231625,
        0.21893515038060912,
        0.23380308077873638,
        0.2432373455807572,
        0.2526627230878838,
        0.2639903262274176,
        0.27699553316913483,
        0.2900777243014122,
        0.3017968503219507,
        0.3112974695189044,
        0.3181253602037278,
        0.3223311739409674,
        0.3247477175177494,
        0.3256802364237637,
        0.32557884286957695,
        0.3249795562907572,
        0.32404044038117086,
        0.322911138986948,
        0.32157191357513454,
        0.32021117929716425,
        0.3189860495810964,
        0.317792047931499,
        0.31649162275305126,
        0.3151883901139418,
        0.3140196993565232,
        0.3128567069514374,
        0.31165703048814064
    ],
    "Z_norm_mean": [
        0.03538889226818722,
        0.0492966699414301,
        0.06735222957367087,
        0.08923002138506998,
        0.10348110377644679,
        0.1058982273558901,
        0.10261274200255129,
        0.09996540372450467,
        0.10082688567986331,
        0.10396177818285592,
        0.10781923411472819,
        0.11167605375097092,
        0.11447495178378651,
        0.11671813407818092,
        0.11773278679307225,
        0.11793756204170673,
        0.11732541213093572,
        0.11635105722441003,
        0.11512398330797018,
        0.11410061685548942,
        0.11273372759838508,
        0.11166956967086629,
        0.11077158007531462,
        0.10962445228030325,
        0.10885950454572652,
        0.10823693688899401,
        0.10738129751958062,
        0.10669006085776504,
        0.10615173455035869,
        0.10556665330162467
    ],
    "B_norm_mean": [
        0.0012079783996252079,
        0.00088334794792928,
        0.0010229191325938298,
        0.0010089033184385613,
        0.0008942733099978076,
        0.0007585573837417325,
        0.0006866077829800433,
        0.0006593610924339033,
        0.0006466157668859121,
        0.0006617712195616145,
        0.0006605317132084776,
        0.0006638573904719233,
        0.0006590873505152427,
        0.0006617337258738758,
        0.0006247323280765104,
        0.0005926006996064874,
        0.0006287515819549278,
        0.0005950045705237936,
        0.000581724385651727,
        0.000551859360666184,
        0.0005471382977982525,
        0.0005348724768020841,
        0.0005245209898335553,
        0.0005167928793890533,
        0.0005071033516845493,
        0.0005086777973684942,
        0.0005063439540714066,
        0.0004798327212547347,
        0.0005023124972908217,
        0.00048413890178947865
    ],
    "Hv_norm_mean": [
        0.19682721298421751,
        0.2382174548366191,
        0.2552762861549301,
        0.2557022935765143,
        0.2531333069818152,
        0.23778898180128694,
        0.20496650527079577,
        0.16957858296694298,
        0.1471375384784037,
        0.13745110883971284,
        0.12984349503642867,
        0.13048986549984776,
        0.12899849895004709,
        0.12624318241475463,
        0.12533875508597028,
        0.11816441193859328,
        0.11796790562816327,
        0.11125439739098922,
        0.10475376189153432,
        0.10057785223949545,
        0.09470958743801888,
        0.09492730871921926,
        0.08572831253302925,
        0.0823192900877392,
        0.07970784248205263,
        0.07616047384103257,
        0.07394312858315945,
        0.0726710779158723,
        0.07090344254274683,
        0.06748348003342565
    ],
    "A_dot_Z_norm_mean": [
        0.03422855619289952,
        0.048545003688461576,
        0.06653655193693524,
        0.08847611408848059,
        0.10287103333019033,
        0.10544059412035851,
        0.10226905991652177,
        0.09969509238874519,
        0.10058441223916272,
        0.10372391342286766,
        0.10758724541711488,
        0.11145135491389216,
        0.11426164063763716,
        0.11651343633439785,
        0.11754231020736287,
        0.11776296584149341,
        0.1171643787595892,
        0.11620337278137763,
        0.11498768482671277,
        0.11397380190647273,
        0.11261662691167594,
        0.11155928191070082,
        0.11066982456898981,
        0.10952861192631004,
        0.10876835935783351,
        0.10815041606316901,
        0.10729837583048035,
        0.10661045360357134,
        0.10607443761801215,
        0.10549174235892304
    ],
    "g_lambda": [
        -0.008399763455195301,
        -0.015278503851570131,
        -0.015140875306629222,
        -0.009975188554600407,
        -0.004998016238594383,
        -0.0025426610972977153,
        -0.002086149315547573,
        -0.002418963128103948,
        -0.002917277983071976,
        -0.003110212831720959,
        -0.002982971923234895,
        -0.0025044363420013986,
        -0.001953793821664638,
        -0.0012917794020742045,
        -0.0007495218608234419,
        -0.0004049351569776957,
        -7.892410600100735e-05,
        0.00010899613169428255,
        0.00018334106604073777,
        0.00024026926377607662,
        0.0002806809692310893,
        0.0003634162852255302,
        0.0002905650374429792,
        0.0002805003249813981,
        0.00029447970767794884,
        0.00030316660769508214,
        0.0003123082534244579,
        0.00024216370169897114,
        0.0002933613026294701,
        0.0002973117608453551
    ],
    "grad_norm_mean": [
        1.0891593885474873,
        0.9805420162152766,
        0.9480522536363825,
        0.983254735150215,
        0.9204497891998716,
        0.9238263047232842,
        0.9477975773094225,
        0.9394079865109641,
        0.9634928424430079,
        0.8949151400336979,
        0.8398157491853943,
        0.8433633358824709,
        0.9284611267092677,
        0.9235511591033425,
        0.9507335818393763,
        0.878289144897036,
        0.8481028479269079,
        0.9071790535477426,
        0.9124288916632096,
        0.9686957190039429,
        0.9110591323500533,
        0.9845485405721852,
        0.8586207712798857,
        0.968491790421249,
        0.879709433057341,
        0.9407558171137353,
        0.8788851792158091,
        0.9984326939843111,
        0.852864874723982,
        0.9076888908739653
    ],