{
    "mse": 2.1910946369171143,
    "rmse": 1.4802346229553223,
    "mae": 1.1573587656021118,
    "pairwise_pearson_correlation": 0.9934752649326916,
    "mean_variance_around_ensemble": 0.004214136707949273,
    "time_in_seconds": 14.950495967990719,
    "params": {
        "lambda_init": 0.0,
        "lambda_lr": 0.05
    }
}