{
    "loss": [
        0.33994096655505046,
        0.24570357125146047,
        0.22648243052618844,
        0.20751410056863512,
        0.19796135222911834,
        0.18803704868044172,
        0.17905314826965332,
        0.16815970914385148,
        0.16704270876944066,
        0.15749436056613922,
        0.15053801615749088,
        0.1447019401873861,
        0.13493260841710228,
        0.13523846331664494,
        0.13057884984357016,
        0.11912332615682057,
        0.11479530261244093,
        0.11281540077286108,
        0.10701708323402064,
        0.09946777852837528,
        0.09568463528582027,
        0.09409871084668807,
        0.08609159854905946,
        0.0899062609959926,
        0.08403474442022188,
        0.08043598661252431,
        0.07053808874530451,
        0.07106216541358402,
        0.066216729685132,
        0.07133044437851224
    ],
    "lambda": [
        0.0,
        0.0,
        0.0,
        0.0,
        0.0,
        0.0,
        0.0,
        0.0,
        0.0,
        0.0,
        0.0,
        0.0,
        0.0,
        0.0,
        0.0,
        0.0,
        0.0,
        0.0,
        0.0,
        0.0,
        0.0,
        0.0,
        0.0,
        0.0,
        0.0,
        0.0,
        0.0,
        0.0,
        0.0,
        0.0
    ],
    "Z_norm_mean": [
        0.09898901990481786,
        0.13415572346959795,
        0.11454880915369306,
        0.11285651916265488,
        0.11265108450821468,
        0.11837614292757852,
        0.13720224913528986,
        0.1450681359086718,
        0.16592095051492964,
        0.1762441793509892,
        0.20722397819587163,
        0.22010668083599635,
        0.23526959243842532,
        0.27083461945397513,
        0.3266013420990535,
        0.2778070436205183,
        0.29841759603364126,
        0.35345491988318306,
        0.3572902807848794,
        0.3622626084259578,
        0.37856788229942323,
        0.4404236555099487,
        0.4258227880341666,
        0.568206066608429,
        0.592549856185913,
        0.5663522680146353,
        0.6237868587289538,
        0.7948978436333792,
        0.8175306445530482,
        1.1231223613194057
    ],
    "B_norm_mean": [
        0.021012161665729116,
        0.028432472143854415,
        0.026675998628139495,
        0.026448740273714067,
        0.02796798327778067,
        0.027973438277840615,
        0.03315730339820896,
        0.034111557005272644,
        0.03922521521097847,
        0.040183250631604876,
        0.045538642438926864,
        0.04702253417457853,
        0.05110458017885685,
        0.05755862903701407,
        0.06072351878029959,
        0.05435651757887432,
        0.05905998276386942,
        0.06561209155193397,
        0.06166177559883467,
        0.06130758443714253,
        0.06428568382667643,
        0.07005750600833978,
        0.06647700102414404,
        0.0843456738958734,
        0.077608640418521,
        0.07640742514069591,
        0.06744878625018257,
        0.08511712521580714,
        0.08474058044129716,
        0.08558844090359552
    ],
    "Hv_norm_mean": [
        0.04288262127126966,
        0.059547646488462176,
        0.05192441011326654,
        0.05369255581923894,
        0.05588552408558982,
        0.05935484852109637,
        0.07584985747081893,
        0.07999366077993597,
        0.09967701227324349,
        0.09805441623074668,
        0.13168443592105594,
        0.14764930898802622,
        0.15989700840200696,
        0.1898972394806998,
        0.209263996388231,
        0.18153494538579668,
        0.19464191859109062,
        0.24105112436839513,
        0.26795540351527075,
        0.259851447224617,
        0.27952343784059797,
        0.3462736817428044,
        0.32531195865358625,
        0.4432946093593325,
        0.47120894500187466,
        0.4391424538067409,
        0.46873093141828265,
        0.7158486033167157,
        0.6538717079503196,
        0.92819513968059
    ],
    "A_dot_Z_norm_mean": [
        0.09211191386835915,
        0.12779997606788362,
        0.10912412913356509,
        0.1075714636189597,
        0.10695517580849784,
        0.11276295418398721,
        0.13069059063707078,
        0.13815730966840473,
        0.1579922023841313,
        0.1686274756022862,
        0.1977654825959887,
        0.21076646195139204,
        0.22552945446968078,
        0.25877119064331056,
        0.3154759204898562,
        0.2676964616775513,
        0.28738950041362216,
        0.3405469674723489,
        0.3451108956336975,
        0.35056432938575743,
        0.366167795249394,
        0.42733451843261716,
        0.4132336993898664,
        0.5538617043495179,
        0.5792816087859017,
        0.5523085431371416,
        0.6128586110046932,
        0.7797379884719848,
        0.8038402009691511,
        1.1086359541756765
    ],
    "g_lambda": [
        -0.0013082431152995145,
        -0.0007336305672568935,
        6.200335999684674e-05,
        0.0002450682950272624,
        0.0003341370282162513,
        0.00016473950831485647,
        0.00027518498511718855,
        0.00012407328048720957,
        -0.00014864826308829443,
        -0.0006022007217896836,
        9.60371162343238e-05,
        -0.0005323516550873007,
        -0.0005048035795334727,
        -0.0006310760652912514,
        -0.0008589260684592384,
        -0.0018357527663132975,
        -0.0024528470481080668,
        0.0001601981267865215,
        -0.0014900956957467964,
        -0.0022942955654580146,
        -0.0021545879082488163,
        -0.005160218863614968,
        -0.005452562937246902,
        -0.007373060266886439,
        -0.010792579526347773,
        -0.00957196306330817,
        0.00048051590445850575,
        -0.0037990507981074707,
        -0.007463130036102874,
        -0.00198730557890875
    ],
    "grad_norm_mean": [
        0.41387480776650565,
        0.5112472288267953,
        0.5418877560751779,
        0.5369674139022828,
        0.5467258780343192,
        0.534751908166068,
        0.563779872758048,
        0.5514451941932951,
        0.6098290960788727,
        0.5961878488063812,
        0.6094780752658844,
        0.6061820950508118,
        0.6144600187029158,
        0.6561186553410121,
        0.6452960989815848,
        0.6151701487132482,
        0.641831884247916,
        0.6489947097131185,
        0.6497418772152492,
        0.6128711490120207,
        0.6264300161770412,
        0.6581858649424144,
        0.6360364561080932,
        0.7174081938692501,
        0.6965225024904523,
        0.6700129269872392,
        0.6231268366064344,
        0.7059704795564924,
        0.6748168937138149,
        0.6982463974271502
    ],
    "val_loss": [
        0.27673360812664033,
        0.2484011198282242,
        0.23751177167892457,
        0.24148665767908095,
        0.2565332224369049,
        0.24147042441368102,
        0.18933379876613618,
        0.18798599821329118,
        0.1949950219988823,
        0.18932647144794465,
        0.20080723097920417,
        0.18529795205593108,
        0.18619921064376832,
        0.19270116955041885,
        0.1725582572221756,
        0.17810222297906875,
        0.18336947405338289,
        0.1816181152164936,
        0.19191988241672517,
        0.21106261202692986,
        0.1912767186164856,
        0.19282463479042053,
        0.223810706615448,
        0.18096230149269105,
        0.2223441791832447,
        0.1957850810289383,
        0.20445565754175185,
        0.19755994194746018,
        0.1864571569263935,
        0.19212133839726447
    ],