{
    "train_loss": [
        0.33387544963094923,
        0.24603913472758399,
        0.22161378264427184,
        0.2092360653811031,
        0.19909096252587105,
        0.1868921442826589,
        0.1778077044089635,
        0.17508618608117105,
        0.16858917797605197,
        0.15648907797204123,
        0.15604780606097646,
        0.14465179006258647,
        0.1420522801246908,
        0.13657579463389186,
        0.13195844310853216,
        0.1264465750588311,
        0.11831609109209644,
        0.1206156833552652,
        0.11304015388091405,
        0.10775796660325593,
        0.11015712732242214,
        0.10097252525389194
    ],
    "val_loss": [
        0.26788963079452516,
        0.2513344323635101,
        0.22628904312849044,
        0.20931102216243744,
        0.21916756719350816,
        0.22726773008704185,
        0.24210693970322608,
        0.2290174585580826,
        0.1956747815012932,
        0.20602260023355484,
        0.20114624440670015,
        0.18109568685293198,
        0.2142154771089554,
        0.18269280225038528,
        0.19523384124040605,
        0.188719265460968,
        0.17178579062223434,
        0.19166456580162047,
        0.20523714616894723,
        0.22707061231136322,
        0.2897412037104368,
        0.24903910279273986
    ]
}