{
    "loss": [
        0.3512192311797823,
        0.2544040685381208,
        0.2309549528871264,
        0.21371074884278435,
        0.20406630717005048,
        0.19470283036572592,
        0.1860808918390955,
        0.1750982052492244,
        0.1719156293272972,
        0.16349818105782782,
        0.1562134415592466,
        0.15108181277343205,
        0.14143291997909546,
        0.13959721514156886,
        0.13551541238171713,
        0.12474739184975624,
        0.12129567688703537,
        0.11889900510438851,
        0.11660868050583771,
        0.10679371488307203,
        0.10469772686277116,
        0.10259569947740861,
        0.09535829541512898,
        0.0963840187032308,
        0.08968843737670354,
        0.0895353182043348,
        0.07775176672531026,
        0.08234989711429391,
        0.0756270195272352,
        0.07973708692193031,
        0.06906163834461145,
        0.06616113403865269,
        0.06223978245471205,
        0.06349081793427468,
        0.05481463315231459,
        0.05138562616705895,
        0.05113914187252522,
        0.05006843441937651,
        0.04492391719562667,
        0.0482848279433591,
        0.04870547902477639,
        0.03651641666676317,
        0.0358762392955167,
        0.031183217735828033,
        0.0290619224352496,
        0.02821698845922947,
        0.025172525921304312,
        0.0243340620717832,
        0.01993731275866074,
        0.019713242882862688
    ],
    "lambda": [
        0.9865539422716413,
        0.8418795484815325,
        0.7237751881054469,
        0.6635568876947675,
        0.6055544286455427,
        0.5633552414349148,
        0.5244663699013846,
        0.48625973507336206,
        0.4666489643369402,
        0.44165085792541503,
        0.4240405468940735,
        0.40543697125571115,
        0.3951370693956103,
        0.3749478303704943,
        0.3648481981754303,
        0.33441649648121424,
        0.3156044534615108,
        0.29961397419657027,
        0.280649941444397,
        0.2674586850915636,
        0.26232966089248655,
        0.24815801678385052,
        0.24434386713164194,
        0.26132603590829034,
        0.31457902169227603,
        0.327740106173924,
        0.2786100682871682,
        0.24583546711717333,
        0.23188931209700447,
        0.2714943267617907,
        0.264141998563494,
        0.2268490161895752,
        0.22408504467351095,
        0.2920156008856637,
        0.28518274886267525,
        0.2756085181917463,
        0.2004828361443111,
        0.1967676624911172,
        0.25470948886871336,
        0.2500356560434614,
        0.25876444193295073,
        0.38775637469972885,
        0.3638981489794595,
        0.3231758121081761,
        0.3682243149961744,
        0.3533627395629883,
        0.33849560471943446,
        0.3820582959311349,
        0.509032166991915,
        0.43119618926729475
    ],
    "Z_norm_mean": [
        0.4567113163045474,
        1.247490924154009,
        0.8681779563086374,
        0.7254368649891445,
        0.6101642187663487,
        0.558515545470374,
        0.39421270145688736,
        0.36255210420063566,
        0.32178848433494567,
        0.2903224837439401,
        0.3349142889635903,
        0.31585279256956916,
        0.3078972909450531,
        0.3237800970758711,
        0.3568830877712795,
        0.33821683488573345,
        0.35582215418134416,
        0.37983360028266905,
        0.3572294655527387,
        0.3920402650151934,
        0.3841498922961099,
        0.41460288456508093,
        0.3725112724985395,
        0.42654371173041206,
        0.422699392591204,
        0.4409180164337158,
        0.45729571907860894,
        0.4994062809262957,
        0.5126408320835658,
        0.5862672148432051,
        0.4939603548731123,
        0.5162884533745902,
        0.5046804468972342,
        0.6201304415975298,
        0.5209615473747253,
        0.4433544671535492,
        0.6103390419823783,
        0.7438964108058385,
        0.6730419851030622,
        0.8430237947191511,
        1.4655063952037266,
        0.5892592496190753,
        0.5106347180775234,
        0.5495497760772705,
        0.5078727880205427,
        0.5672443756375994,
        0.7104410499164037,
        0.8777923154830932,
        0.5498774194717407,
        0.5879331646646773
    ],
    "B_norm_mean": [
        0.029492951431444713,
        0.06373885776315416,
        0.06015962027651923,
        0.057799827809844696,
        0.05448910296389035,
        0.049297816219074385,
        0.04814874296528952,
        0.04656852581990616,
        0.048473354625914775,
        0.04848091291955539,
        0.05349742701011045,
        0.05148941056856087,
        0.05512578178303582,
        0.05876252139891897,
        0.05963132502777236,
        0.061292134331805366,
        0.061720160548176084,
        0.06704028676450252,
        0.06694825797687684,
        0.06302442295742887,
        0.06665632885162319,
        0.06953413937244166,
        0.06629293200799397,
        0.07411720826290548,
        0.07014102833398751,
        0.07707891867841993,
        0.06758566404746047,
        0.07978081238056932,
        0.07573212978822579,
        0.07446222752439124,
        0.06662835712943758,
        0.07491444404503064,
        0.06993408173083195,
        0.07216172849546586,
        0.0660927963825608,
        0.06055320902567889,
        0.07499125620988863,
        0.07947491758103882,
        0.0667770400696567,
        0.07466004296126111,
        0.09170817930730325,
        0.05737017829130803,
        0.05465098318697086,
        0.05607133696421183,
        0.0491908942487623,
        0.06038784030878118,
        0.053644812906027906,
        0.04850436008561935,
        0.04421729801282553,
        0.04356060991689031
    ],
    "Hv_norm_mean": [
        0.2705047813057899,
        0.6217266614777701,
        0.4257363921574184,
        0.35536337532315937,
        0.30178746707098825,
        0.2640625580719539,
        0.18733343734060015,
        0.17908564914975847,
        0.16973169539655958,
        0.14162580636569433,
        0.18459459144728524,
        0.17009047630855015,
        0.17636961477143423,
        0.19359847249303544,
        0.21734411547865187,
        0.21129446799414497,
        0.21285295575005667,
        0.24939783879688807,
        0.2501960415499551,
        0.2610388277939388,
        0.27380284857749937,
        0.2963713512931551,
        0.26555279091426304,
        0.31304597466332573,
        0.30442871148245676,
        0.3189649989264352,
        0.3298109452298709,
        0.4277926130635398,
        0.4348401312487466,
        0.48125705654280526,
        0.3790974447386605,
        0.4327528993402209,
        0.4295988531112671,
        0.4766483813013349,
        0.41973866643224444,
        0.3613275724138532,
        0.6066411580358233,
        0.6934806204523359,
        0.5602984203611101,
        0.8091354009083339,
        1.5381045406205314,
        0.38013876444952827,
        0.4330314454351153,
        0.4889733592271805,
        0.40920501473971777,
        0.4912035049710955,
        0.6856464876447406,
        0.7753009186472212,
        0.38630971799577984,
        0.4351783826862063
    ],