{
    "loss": [
        0.8908720097044255,
        0.7053260367531073,
        0.5308096273167621,
        0.4672027998449986,
        0.42573802560468255,
        0.3861092330463925,
        0.34953509929883536,
        0.33967867142818603,
        0.41271704946624893,
        0.3330513825436042,
        0.28728049605216094,
        0.2607273374166446,
        0.24341235159056981,
        0.23133036135144275,
        0.22293361207360324,
        0.21869494295943592,
        0.21571473351230508,
        0.21377659161051896,
        0.21259762947106955,
        0.21117520798239794,
        0.21126924017205628,
        0.21084822997080097,
        0.21032949512415644,
        0.2104369210756449,
        0.20963529755513197,
        0.20977406134580617,
        0.20969895695360716,
        0.20970653860134306,
        0.2090943707239659,
        0.2089156580378564
    ],
    "lambda": [
        0.932004695305185,
        1.2770915509952385,
        1.0230729995586596,
        1.0200670352444257,
        0.9889589507385916,
        1.032159723803495,
        1.036447474538638,
        0.7931186419811738,
        0.0005900544888034568,
        0.0,
        0.00023685073325423626,
        0.0009541626337665277,
        0.0013014467213838196,
        0.0019675310835314203,
        0.007817434399111029,
        0.01718822059370619,
        0.03267665609518171,
        0.04805136513348145,
        0.06528081851425199,
        0.08690767728602891,
        0.11124015787621214,
        0.13015077013841933,
        0.14931443681669995,
        0.16723062561162996,
        0.1866015150086215,
        0.20709649372999436,
        0.22251704999761338,
        0.23659099695454996,
        0.25114341864256534,
        0.2645981949012252
    ],
    "Z_norm_mean": [
        0.0857327603166138,
        0.5584830468443748,
        3.312905586035863,
        6.017735674263507,
        7.338734763110388,
        9.171802457716666,
        11.644099785499842,
        14.127608326877576,
        5.595701616225613,
        4.904296978937397,
        4.670102082616195,
        4.510878542387658,
        4.361476248009161,
        4.220131939598676,
        4.084648787643314,
        3.955410942728529,
        3.8331198529421595,
        3.7154059213552606,
        3.6032904077983905,
        3.4938127700608765,
        3.388106148790968,
        3.2872805343079734,
        3.188233943132499,
        3.094728672588531,
        3.0031381098700862,
        2.9150383946977936,
        2.829007682594897,
        2.744223259126569,
        2.6648093113614157,
        2.5868596843835636
    ],
    "B_norm_mean": [
        0.002244089569531954,
        0.0061125902696265375,
        0.024890620514578948,
        0.03266144273031435,
        0.0356149956918741,
        0.04204793227438784,
        0.04892363494439857,
        0.051080437332137206,
        0.0030322577899430506,
        0.0013377241788738409,
        0.0009915462121501636,
        0.0008239398587313873,
        0.0007632357921524646,
        0.000717245377174821,
        0.0006654641903859743,
        0.0006138182448716388,
        0.00062656450381719,
        0.0006050819398284047,
        0.0005668351954372093,
        0.00054361537852623,
        0.0005475502205107222,
        0.0005264921051426211,
        0.0005164151341487324,
        0.0005088455926120625,
        0.0005018330980445034,
        0.0005029302154255445,
        0.0004988497097746874,
        0.0004746968261126361,
        0.000490163608331052,
        0.0004737654808860976
    ],
    "Hv_norm_mean": [
        0.10987188327038018,
        5.348499651164137,
        30.09148866219278,
        130.73640424612947,
        151.21343592981225,
        191.11263039437006,
        166.00360302052178,
        275.0397420926383,
        16.669660940074674,
        4.153945250357123,
        2.4823781659600463,
        2.047547501345527,
        2.065052099224364,
        1.9474162695977133,
        1.795140537018675,
        1.635286983928404,
        1.4950657969197507,
        1.4719548501624877,
        1.354197459994662,
        1.3964220612544,
        1.258023171366434,
        1.3094033461895478,
        1.14294246302809,
        1.1622546697875802,
        1.0512900714576798,
        1.0823345654434844,
        0.9880804276315864,
        1.0358088438811022,
        0.900655114690566,
        0.9256647303340783
    ],
    "A_dot_Z_norm_mean": [
        0.08354686335354457,
        0.5528348773286283,
        3.289089880333131,
        5.986082448863735,
        7.304931521814107,
        9.132900813853833,
        11.600004191917423,
        14.08262304351359,
        5.594889345285931,
        4.904233978886255,
        4.6700556999770315,
        4.51084190879309,
        4.36144622444354,
        4.220105914347153,
        4.084626674297969,
        3.955391343712054,
        3.8331024353715772,
        3.715390246108346,
        3.6032759905127048,
        3.493799038903668,
        3.388093434874559,
        3.2872683289234317,
        3.188222514179795,
        3.094717539158002,
        3.0031271261483643,
        2.9150277656380945,
        2.828997177303922,
        2.74421302846405,
        2.664799177199547,
        2.58684959094674
    ],
    "g_lambda": [
        -0.025478044519428478,
        -0.11364474860523166,
        0.009061583390786575,
        0.18178761819902514,
        -0.12273203312930148,
        0.17706821684584137,
        0.02721228760677866,
        0.48304943678948326,
        0.7142433605360533,
        0.4876353284859365,
        0.16798248821492537,
        0.06439004815503474,
        0.029385792610926827,
        0.00863579018238615,
        -0.002498535004143893,
        -0.0019875172452328157,
        -0.00402419938907481,
        -0.004128808051387849,
        -0.004521631526702312,
        -0.005759828593599639,
        -0.005091663231783381,
        -0.003873588983142438,
        -0.004552769956773447,
        -0.004848483821337042,
        -0.0045694353639843645,
        -0.004223744066693566,
        -0.003229304548886228,
        -0.0038930474877559534,
        -0.0029461528537701575,
        -0.0033489541445277434
    ],
    "grad_norm_mean": [
        1.081945842055198,
        1.532709644047071,
        1.9810877426202704,
        4.134543995409263,
        4.387503787216714,
        5.230901823582102,
        4.317320518939857,
        6.113595673553659,
        1.3194170916253114,
        0.9400821597081244,
        0.8596496026488516,
        0.8521153387685182,
        0.9261751926569437,
        0.9144035053217761,
        0.9414169929570263,
        0.8684818372822056,
        0.8443016420719219,
        0.9028199748660037,
        0.9049482890942527,
        0.9629032354216748,
        0.90380718612423,
        0.9789506892400119,
        0.8538689053815579,
        0.9641814277466902,
        0.8789581080329405,
        0.935907814080415,
        0.8738364147245773,
        0.9940545937849428,
        0.8509570094142932,
        0.9038909868020087
    ],
    "val_loss": [
        0.8361138035724689,
        0.601816649870439,
        0.4779886864416011,
        0.42608063211301705,
        0.4022607953348137,
        0.3711631940514478,
        0.3130484362861577,
        0.4500506406480616,
        0.35662161357604066,
        0.28638654294629373,
        0.2494818336052167,
        0.22665980020719398,
        0.21149478796586038,
        0.20325510054690665,
        0.19747802289541566,
        0.1964889518003427,
        0.19414760631538608,
        0.19308334493785856,
        0.19207451800561007,
        0.19211474110018206,
        0.19192008926894505,
        0.19487854905756094,
        0.19152350759057346,
        0.19114453940861706,
        0.19404332851817427,
        0.19190164915612573,
        0.19135796814558229,
        0.19307483995541955,
        0.19154199662092203,
        0.19134393760136195
    ],