{
    "loss": [
        0.9540139763407489,
        0.8817127167160432,
        0.811895109732444,
        0.7386037548965917,
        0.6468606233663201,
        0.5579879509220768,
        0.5098534888974185,
        0.4876000069460814,
        0.4754093375916026,
        0.45218389365383566,
        NaN,
        NaN,
        NaN,
        NaN,
        NaN,
        NaN,
        NaN,
        NaN,
        NaN,
        NaN,
        NaN,
        NaN,
        NaN,
        NaN,
        NaN,
        NaN,
        NaN,
        NaN,
        NaN,
        NaN
    ],
    "lambda_0": [
        0.9059539996599381,
        0.9474151187831923,
        1.0466963914615532,
        1.2369901546084479,
        1.824157401526501,
        1.3262290900142228,
        0.9843755336751558,
        0.9508568462146245,
        1.1892966712402049,
        0.9851551514507624,
        NaN,
        NaN,
        NaN,
        NaN,
        NaN,
        NaN,
        NaN,
        NaN,
        NaN,
        NaN,
        NaN,
        NaN,
        NaN,
        NaN,
        NaN,
        NaN,
        NaN,
        NaN,
        NaN,
        NaN
    ],
    "lambda_1": [
        0.897533073750208,
        0.8833085065697189,
        0.8593687289849206,
        0.8366102723220091,
        0.8309149659791047,
        0.8440953476518404,
        0.8439261793559075,
        0.8275702413776043,
        0.7797568412328183,
        0.7421000032366495,
        NaN,
        NaN,
        NaN,
        NaN,
        NaN,
        NaN,
        NaN,
        NaN,
        NaN,
        NaN,
        NaN,
        NaN,
        NaN,
        NaN,
        NaN,
        NaN,
        NaN,
        NaN,
        NaN,
        NaN
    ],
    "lambda_2": [
        0.8999212777973151,
        0.9003367683190729,
        0.904830235001592,
        0.9194807279654431,
        0.9706338981779986,
        1.034013286603679,
        1.0664688482897193,
        1.0679369120185276,
        1.0262175417282835,
        1.028733097130244,
        NaN,
        NaN,
        NaN,
        NaN,
        NaN,
        NaN,
        NaN,
        NaN,
        NaN,
        NaN,
        NaN,
        NaN,
        NaN,
        NaN,
        NaN,
        NaN,
        NaN,
        NaN,
        NaN,
        NaN
    ],
    "lambda_3": [
        0.9060453315273431,
        0.9505161132194542,
        1.0792631149911722,
        1.3972376884247262,
        1.3194229096849301,
        1.1233144027789286,
        1.0747125943354237,
        1.0616147851926263,
        1.0391443065670933,
        1.0635991719324174,
        NaN,
        NaN,
        NaN,
        NaN,
        NaN,
        NaN,
        NaN,
        NaN,
        NaN,
        NaN,
        NaN,
        NaN,
        NaN,
        NaN,
        NaN,
        NaN,
        NaN,
        NaN,
        NaN,
        NaN
    ],
    "lambda_4": [
        0.9031484210265422,
        0.9269763320474168,
        0.9828105038796222,
        1.0832690842480097,
        1.3402924309244308,
        1.6497619526562441,
        1.4300513214176134,
        0.3931616910695587,
        0.29749306473110493,
        0.413680255424122,
        NaN,
        NaN,
        NaN,
        NaN,
        NaN,
        NaN,
        NaN,
        NaN,
        NaN,
        NaN,
        NaN,
        NaN,
        NaN,
        NaN,
        NaN,
        NaN,
        NaN,
        NaN,
        NaN,
        NaN
    ],
    "lambda_5": [
        0.9036533732065427,
        0.9268528713730246,
        0.9744906124464872,
        1.0521754844455173,
        1.2459562148828291,
        1.4471061070789601,
        1.5786994913896575,
        1.5593563530288397,
        0.7530190221580749,
        1.2409502112462625,
        NaN,
        NaN,
        NaN,
        NaN,
        NaN,
        NaN,
        NaN,
        NaN,
        NaN,
        NaN,
        NaN,
        NaN,
        NaN,
        NaN,
        NaN,
        NaN,
        NaN,
        NaN,
        NaN,
        NaN
    ],
    "lambda_6": [
        0.8983485460104307,
        0.8886603267937401,
        0.8703305535806939,
        0.8385624546921479,
        0.7454522640298743,
        0.6718187198468933,
        0.6488557121278272,
        0.6338557721379517,
        0.6052828212675002,
        0.5711386913798177,
        NaN,
        NaN,
        NaN,
        NaN,
        NaN,
        NaN,
        NaN,
        NaN,
        NaN,
        NaN,
        NaN,
        NaN,
        NaN,
        NaN,
        NaN,
        NaN,
        NaN,
        NaN,
        NaN,
        NaN
    ],
    "lambda_7": [
        0.8986760116269763,
        0.8949366340927595,
        0.8979379775309005,
        0.9183164214361923,
        0.9354777333464624,
        0.970431251239033,
        1.0268734816587684,
        1.1054132017025131,
        1.2606398067286675,
        1.5362811110252526,
        NaN,
        NaN,
        NaN,
        NaN,
        NaN,
        NaN,
        NaN,
        NaN,
        NaN,
        NaN,
        NaN,
        NaN,
        NaN,
        NaN,
        NaN,
        NaN,
        NaN,
        NaN,
        NaN,
        NaN
    ],
    "lambda_mean": [
        0.9016600029644717,
        0.9148753366194115,
        0.9519660097491197,
        1.03533028577988,
        1.1515384640252773,
        1.1333462723648067,
        1.0817453908822903,
        0.9499707229510144,
        0.8688562573706665,
        0.9477047165485726,
        NaN,
        NaN,
        NaN,
        NaN,
        NaN,
        NaN,
        NaN,
        NaN,
        NaN,
        NaN,
        NaN,
        NaN,
        NaN,
        NaN,
        NaN,
        NaN,
        NaN,
        NaN,
        NaN,
        NaN
    ],
    "Z_norm_mean": [
        0.029389622688675253,
        0.08878833097272587,
        0.1615155136169132,
        0.2967454519826951,
        1.023200246467052,
        4.819202924190823,
        7.5297411418607405,
        8.480512692677767,
        8.218822992383615,
        11.740954184151475,
        NaN,
        NaN,
        NaN,
        NaN,
        NaN,
        NaN,
        NaN,
        NaN,
        NaN,
        NaN,
        NaN,
        NaN,
        NaN,
        NaN,
        NaN,
        NaN,
        NaN,
        NaN,
        NaN,
        NaN
    ],
    "B_norm_mean": [
        0.0007236111041158783,
        0.0007984046046589243,
        0.000987857738316109,
        0.0014847612100616346,
        0.0042260104615339505,
        0.01753110391932695,
        0.02760169134124964,
        0.02912466268401318,
        0.023937720455425714,
        0.03815259082285038,
        NaN,
        NaN,
        NaN,
        NaN,
        NaN,
        NaN,
        NaN,
        NaN,
        NaN,
        NaN,
        NaN,
        NaN,
        NaN,
        NaN,
        NaN,
        NaN,
        NaN,
        NaN,
        NaN,
        NaN
    ],
    "Hv_norm_mean": [
        0.04100075321921486,
        0.10932530157857343,
        0.2246961343744365,
        1.288066330958245,
        15.697722742737247,
        280.37658981085264,
        510.89981728435845,
        440.85064279107945,
        383.62845139303397,
        820.2669607134853,
        NaN,
        NaN,
        NaN,
        NaN,
        NaN,
        NaN,
        NaN,
        NaN,
        NaN,
        NaN,
        NaN,
        NaN,
        NaN,
        NaN,
        NaN,
        NaN,
        NaN,
        NaN,
        NaN,
        NaN
    ],
    "A_dot_Z_norm_mean": [
        0.02868229518044495,
        0.0880279759138081,
        0.16056930886583615,
        0.29536093085882525,
        1.0191879615525177,
        4.8023768089271766,
        7.504517467412372,
        8.455973373396088,
        8.200622439605793,
        11.711302028816073,
        NaN,
        NaN,
        NaN,
        NaN,
        NaN,
        NaN,
        NaN,
        NaN,
        NaN,
        NaN,
        NaN,
        NaN,
        NaN,
        NaN,
        NaN,
        NaN,
        NaN,
        NaN,
        NaN,
        NaN
    ],