{
    "loss": [
        1.0230206537246704,
        0.8419093356132508,
        0.636133307831628,
        0.47357880565098354,
        0.3813447447674615,
        0.3498254828793662,
        0.3309896785531725,
        0.32145192401749745,
        0.31362788774286,
        0.30874922718320574,
        0.30655480079991476,
        0.3039977322987148,
        0.30156923064163754,
        0.2995933711528778,
        0.2977485337597983,
        0.29668737731661116,
        0.295229565177645,
        0.2938592575107302,
        0.2917506752865655,
        0.2910275203330176,
        0.2906052018574306,
        0.2896539058685303,
        0.2881449608419623,
        0.2860469991139003,
        0.28667384215763636,
        0.2852318994658334,
        0.2848593768732888,
        0.2835959419778415,
        0.28200732920851024,
        0.28171459790638514
    ],
    "lambda": [
        0.5083915581703186,
        0.61830817426954,
        0.8936158915928432,
        1.1927096306937082,
        1.460080984047481,
        0.2820654821638018,
        0.00030637264491191935,
        0.00011348638450726867,
        7.861311281366008e-05,
        7.858948276511261e-05,
        4.156643781711214e-05,
        3.7001234778602206e-05,
        8.793065357687217e-06,
        2.839190579834394e-06,
        7.041967324247318e-06,
        5.1871673204004764e-06,
        1.0997326834642861e-05,
        4.825814008654561e-06,
        6.838572604465298e-06,
        7.3338065142576984e-06,
        1.5336118148947467e-05,
        2.822307011644755e-05,
        3.329678490159235e-05,
        3.7704199839416625e-05,
        6.57364996753001e-05,
        7.223769244072693e-05,
        6.093012127426586e-05,
        9.096235540294271e-05,
        0.0001187428994684134,
        9.233960229903459e-05
    ],
    "Z_norm_mean": [
        0.04695285658112594,
        0.15884598921026502,
        0.3372091379165649,
        0.7464608907699585,
        4.155241287231445,
        4.777852607590812,
        1.591172995022365,
        1.187000649043492,
        0.9472393859454563,
        0.7822616964067731,
        0.6587446196419852,
        0.5586305306979588,
        0.4783302498885563,
        0.41202948863165717,
        0.3558325114590781,
        0.30907981092589243,
        0.2701589901447296,
        0.23683540916442872,
        0.20930502363613673,
        0.1852646954400199,
        0.16604881363255636,
        0.14923438927105495,
        0.13557725841658455,
        0.12360235789843968,
        0.11427571092333112,
        0.10618704794134412,
        0.09973302509103503,
        0.09548969441652298,
        0.09108543345757893,
        0.08716082266398839
    ],
    "B_norm_mean": [
        0.0011130456464099033,
        0.0021674369759857653,
        0.004010205536016396,
        0.006814348210181509,
        0.01871888684800693,
        0.013536638017211642,
        0.003554564868765218,
        0.003434225311236722,
        0.003166507484923516,
        0.0030763246373140384,
        0.0028369967666055473,
        0.0027052374721637795,
        0.0025660067812672683,
        0.0024125886681888786,
        0.002367579121841118,
        0.002373948021126645,
        0.002287434820152287,
        0.002242704397466566,
        0.002195042593936835,
        0.002130425660338785,
        0.0021585858134286744,
        0.0021301412571753772,
        0.0021059889802542914,
        0.002081222945025989,
        0.002094166492245027,
        0.002076595145144633,
        0.0021583935373595785,
        0.0021042265927618637,
        0.002115185356831976,
        0.0020858842868890083
    ],
    "Hv_norm_mean": [
        0.026740701418902193,
        0.10358731484413147,
        0.24567138419832502,
        0.8565774647848947,
        6.64778568812779,
        8.269479429244996,
        0.8988370279584612,
        0.5513024845804487,
        0.37381290629931857,
        0.29809988015038624,
        0.24135766196250916,
        0.20043281183923994,
        0.16850861849103654,
        0.1461972941330501,
        0.12528716818775448,
        0.11051235560008457,
        0.1000301006436348,
        0.08697844405685153,
        0.07844358238152095,
        0.07199645187173571,
        0.06891654208302497,
        0.06319163709878922,
        0.05862544791613306,
        0.05731877705029079,
        0.05349198584045683,
        0.05232396274805069,
        0.05163490511689867,
        0.05084273680618831,
        0.046890178684677396,
        0.048061506071260994
    ],
    "A_dot_Z_norm_mean": [
        0.045932890238506455,
        0.15694288791928973,
        0.33388885280064173,
        0.7409273313794817,
        4.138773653302874,
        4.7675761661529545,
        1.5909698333740234,
        1.1868069940294539,
        0.9470509946005685,
        0.7820803714479719,
        0.6585777672358921,
        0.5584742931638446,
        0.478184878723962,
        0.4118886120659964,
        0.3556941463947296,
        0.30894126766068597,
        0.2700217834200178,
        0.2366967797279358,
        0.20916908308437893,
        0.18512721124717169,
        0.1659041107041495,
        0.14908994909695217,
        0.1354318448134831,
        0.12345340300457819,
        0.11412221196719578,
        0.10602949892623084,
        0.09956808668375015,
        0.09532229491642544,
        0.09091885587998799,
        0.08698854231834412
    ],
    "g_lambda": [
        -0.003009028488400093,
        -0.01831223294564656,
        -0.028889077484607697,
        -0.028130630846534457,
        0.04723296466895512,
        0.10109709015062877,
        0.07548493430763482,
        0.039816780286175864,
        0.02304529584305627,
        0.015696366851883276,
        0.011574171019451959,
        0.009230975382761764,
        0.007253944579511881,
        0.005662015317806176,
        0.0042181599001799314,
        0.0033101445372615544,
        0.0025473545153758357,
        0.0020455375096893737,
        0.0016116797814278731,
        0.0012898938198174748,
        0.0010671212074479886,
        0.0007925179472991398,
        0.0006436003890287664,
        0.0005596831405003156,
        0.00037399839466836836,
        0.00040965689013579065,
        0.00037467887023064707,
        0.0002885678903465824,
        0.00016930503424789225,
        0.00021695624997041056
    ],
    "grad_norm_mean": [
        0.446772358417511,
        0.5341201414380755,
        0.5698586919648306,
        0.5884300683566502,
        0.8089637323107038,
        0.9761001115526472,
        0.8277176456451416,
        0.8797711486816406,
        0.8131670049939836,
        0.8577628126825605,
        0.8688503996304103,
        0.8955938783373152,
        0.8845385310309274,
        0.9046169858660017,
        0.8804726151738848,
        0.9060508466448103,
        0.9625622039522443,
        0.887694966179984,
        0.9090149433272225,
        0.9434933156967164,
        0.9539540149143764,
        0.9570576182774135,
        0.9350281433718545,
        0.9220938977513995,
        0.9237804282052177,
        0.9581232005528041,
        0.9622601667131696,
        0.9574292629105704,
        0.8880570778165545,
        0.9964235677719117
    ],