{
    "cross_entropy": 0.3080264925956726,
    "balanced_accuracy": 0.8648080860260402,
    "macro_f1_score": 0.8646016561081694,
    "disagreement": 0.02635714298646365,
    "mean_pairwise_js_divergence": 0.0028356644823881133,
    "time_in_seconds": 54.73779814998852,
    "params": {
        "lambda_init": 0.5,
        "lambda_lr": 0.1
    }
}