{
    "loss": [
        0.33872248310702185,
        0.24664879751205443,
        0.2332279019015176,
        0.2211502101080758,
        0.2218979868207659,
        0.21630043072359903,
        0.21231842634720463,
        0.2042261767548376,
        0.20311018668115138,
        0.19745703524563993,
        0.18718120874677385,
        0.1828519879409245,
        0.1781291916370392,
        0.17165774680035456,
        0.16730816885403224,
        0.15780873353672878,
        0.1530946486954178,
        0.14862290218020124,
        0.14718097832133728,
        0.1336954629431878,
        0.1299093132423503,
        0.12909538901078382,
        0.12089548006440912,
        0.12088166827834876,
        0.11542722177079745,
        0.11522705427450793,
        0.10534781307194914,
        0.10423939989347543,
        0.10028389459502485,
        0.10003338200705392
    ],
    "lambda": [
        0.8999999761581421,
        0.8999999761581421,
        0.8999999761581421,
        0.8999999761581421,
        0.8999999761581421,
        0.8999999761581421,
        0.8999999761581421,
        0.8999999761581421,
        0.8999999761581421,
        0.8999999761581421,
        0.8999999761581421,
        0.8999999761581421,
        0.8999999761581421,
        0.8999999761581421,
        0.8999999761581421,
        0.8999999761581421,
        0.8999999761581421,
        0.8999999761581421,
        0.8999999761581421,
        0.8999999761581421,
        0.8999999761581421,
        0.8999999761581421,
        0.8999999761581421,
        0.8999999761581421,
        0.8999999761581421,
        0.8999999761581421,
        0.8999999761581421,
        0.8999999761581421,
        0.8999999761581421,
        0.8999999761581421
    ],
    "Z_norm_mean": [
        0.5312623484304974,
        1.4264453773498535,
        1.5086429413386753,
        1.536275457245963,
        1.3849681604930333,
        1.5993365715571812,
        1.5160980716432844,
        1.6743171826771328,
        1.7677926752907889,
        1.854392624446324,
        1.762673831803458,
        1.6042282000950405,
        1.5755705086844307,
        1.6449591614859445,
        1.8558448239735195,
        1.5165529967716762,
        1.6546378549848284,
        1.9706662920543125,
        1.6712725791931153,
        1.5118112812042237,
        1.55593022278377,
        1.484338591166905,
        1.4148305550983975,
        1.776126434462411,
        1.6215546719687326,
        1.378902840614319,
        1.482864700453622,
        1.4320046539306641,
        1.8089445536477224,
        1.4263940997804914
    ],
    "B_norm_mean": [
        0.04304931503960065,
        0.08340668257645198,
        0.10671221710102899,
        0.11247633641958237,
        0.12539505187102726,
        0.13424049235241753,
        0.14428988025018147,
        0.14321384540053883,
        0.15221823643786567,
        0.15296810607399258,
        0.15468539499385017,
        0.15888095537253788,
        0.1681472839968545,
        0.17151571556500025,
        0.17104518817152295,
        0.1684669041974204,
        0.1740553441132818,
        0.18238295530421395,
        0.1748826293753726,
        0.16915923728687424,
        0.16557005723033633,
        0.17039935562440328,
        0.16511581945419312,
        0.1699139049095767,
        0.1679524047289576,
        0.15615475185109037,
        0.14845009936498743,
        0.15434597446849305,
        0.14251669141266862,
        0.13926235749891827
    ],
    "Hv_norm_mean": [
        0.2732316639763968,
        0.7599036320277622,
        0.8607772143227713,
        0.8420314663478307,
        0.7413117231641497,
        0.7978505082811628,
        0.7738553622790746,
        0.8708854966163635,
        1.0367271351133074,
        0.9161607435771397,
        1.0156977602413721,
        0.876602016040257,
        0.8574986414228167,
        0.9407146656853812,
        1.1625501173564365,
        0.8579788699831281,
        1.0039341002873012,
        1.3627204716205596,
        1.0136863285473414,
        0.9200317252022879,
        0.9747332673754011,
        0.9593727587291172,
        0.8936889400482178,
        1.231170663697379,
        1.0075238332748413,
        0.9016479046685355,
        0.9475378422055926,
        1.0906866712570191,
        1.172941996915,
        0.9080846996307373
    ],
    "A_dot_Z_norm_mean": [
        0.5104067853007997,
        1.3923833762577602,
        1.4689683594022478,
        1.5003219755717687,
        1.3423197152273996,
        1.5540224719728741,
        1.4678599345343453,
        1.6254123168672834,
        1.7179136796678816,
        1.810987695149013,
        1.7184457795279366,
        1.5577720541272844,
        1.528560710634504,
        1.6003274962561471,
        1.8135848305565971,
        1.4724327586037773,
        1.6130069897515433,
        1.9319669290270125,
        1.6300869622911727,
        1.470866085597447,
        1.51802245589665,
        1.4456882668903897,
        1.3769456540516445,
        1.7413417227608816,
        1.586740986279079,
        1.3440546470369612,
        1.4498722487858364,
        1.3999793172563826,
        1.7790727519989014,
        1.3978632556370327
    ],
    "g_lambda": [
        0.006854892398363777,
        0.0195214538701943,
        0.04226946528255939,
        0.04383276401673045,
        0.054933339812925884,
        0.08456829734146595,
        0.09823841628645148,
        0.11991848512632507,
        0.11431459528420652,
        0.11853172061379466,
        0.12244538420438766,
        0.1311257250298347,
        0.13164432788853134,
        0.14569278491181986,
        0.1503889643996954,
        0.11887315490522556,
        0.12187041705633912,
        0.13036885541677476,
        0.12063082772067615,
        0.12625586597408567,
        0.12043227043109281,
        0.12126585866617305,
        0.09094576464699847,
        0.09998425371199847,
        0.11960712010519846,
        0.10001817202993801,
        0.10856838614812919,
        0.08491625562310219,
        0.0810985036279474,
        0.10686492388376168
    ],
    "grad_norm_mean": [
        0.41805184173583987,
        0.5061696974890573,
        0.5482705079487392,
        0.5578300294876098,
        0.5659937437602451,
        0.5500520920072283,
        0.5636000869955335,
        0.5390596444947379,
        0.5896031294209616,
        0.5674815969467163,
        0.5615345512458256,
        0.548594433580126,
        0.5524623553412301,
        0.5630694301468986,
        0.5850376003810338,
        0.5392724302155631,
        0.5353139084407261,
        0.545411587204252,
        0.535618055496897,
        0.5009361984389169,
        0.4758326298849923,
        0.4758469640186855,
        0.45090076412473407,
        0.47352212163380214,
        0.4434427409172058,
        0.4373125479561942,
        0.39267183673381806,
        0.41842735607283454,
        0.34972378218173983,
        0.35200337161336626
    ],
    "val_loss": [
        0.2740605103969574,
        0.2673708803653717,
        0.2518479717969894,
        0.2826309095621109,
        0.31969543898105623,
        0.2717308347225189,
        0.23994241559505464,
        0.2380682154893875,
        0.24752302956581115,
        0.23959377110004426,
        0.2566061733961105,
        0.2407353310585022,
        0.2556490139961243,
        0.25442672193050386,
        0.22901404583454132,
        0.23049964368343354,
        0.2350410498380661,
        0.2336224039196968,
        0.24694501930475235,
        0.24628746284544467,
        0.23906793278455735,
        0.23474559643864631,
        0.25295942535996435,
        0.24902788317203522,
        0.243673359811306,
        0.24856947901844978,
        0.24308088645339013,
        0.2400590626001358,
        0.2515415487885475,
        0.24830443048477172
    ],