{
    "sweep_lambda_init=0.0__lambda_lr=0.0": {
        "cross_entropy": 0.30845925211906433,
        "balanced_accuracy": 0.8578445908334092,
        "macro_f1_score": 0.8576613008135957,
        "disagreement": 0.025888889096677303,
        "mean_pairwise_js_divergence": 0.0030007464746530685,
        "time_in_seconds": 60.90067559899762,
        "params": {
            "lambda_init": 0.0,
            "lambda_lr": 0.0
        }
    },
    "sweep_lambda_init=0.0__lambda_lr=0.1": {
        "cross_entropy": 0.3085155785083771,
        "balanced_accuracy": 0.8578445908334092,
        "macro_f1_score": 0.8576613008135957,
        "disagreement": 0.02638888917863369,
        "mean_pairwise_js_divergence": 0.0030146526340912613,
        "time_in_seconds": 61.00383767398307,
        "params": {
            "lambda_init": 0.0,
            "lambda_lr": 0.1
        }
    },
    "sweep_lambda_init=0.0__lambda_lr=0.5": {
        "cross_entropy": 0.3085090219974518,
        "balanced_accuracy": 0.8578445908334092,
        "macro_f1_score": 0.8576613008135957,
        "disagreement": 0.027000000182953145,
        "mean_pairwise_js_divergence": 0.0030649580682317414,
        "time_in_seconds": 61.22155666601611,
        "params": {
            "lambda_init": 0.0,
            "lambda_lr": 0.5
        }
    },
    "sweep_lambda_init=0.5__lambda_lr=0.0": {
        "cross_entropy": 0.30949831008911133,
        "balanced_accuracy": 0.8578445908334092,
        "macro_f1_score": 0.8576613008135957,
        "disagreement": 0.032999999821186066,
        "mean_pairwise_js_divergence": 0.004315047951725622,
        "time_in_seconds": 60.40997395798331,
        "params": {
            "lambda_init": 0.5,
            "lambda_lr": 0.0
        }
    },
    "sweep_lambda_init=0.5__lambda_lr=0.1": {
        "cross_entropy": 0.3093984127044678,
        "balanced_accuracy": 0.856831419607472,
        "macro_f1_score": 0.8566594476083527,
        "disagreement": 0.033111111260950565,
        "mean_pairwise_js_divergence": 0.004532739313112365,
        "time_in_seconds": 60.720385005988646,
        "params": {
            "lambda_init": 0.5,
            "lambda_lr": 0.1
        }
    },
    "sweep_lambda_init=0.5__lambda_lr=0.5": {
        "cross_entropy": 0.31488457322120667,
        "balanced_accuracy": 0.8607877097508756,
        "macro_f1_score": 0.8607086816041871,
        "disagreement": 0.058166666991180845,
        "mean_pairwise_js_divergence": 0.018927964297795877,
        "time_in_seconds": 64.02233399503166,
        "params": {
            "lambda_init": 0.5,
            "lambda_lr": 0.5
        }
    },
    "sweep_lambda_init=0.9__lambda_lr=0.0": {
        "cross_entropy": 0.33042657375335693,
        "balanced_accuracy": 0.8608474838645002,
        "macro_f1_score": 0.860750246286874,
        "disagreement": 0.10850000091724926,
        "mean_pairwise_js_divergence": 0.0437749263106121,
        "time_in_seconds": 62.988870761008,
        "params": {
            "lambda_init": 0.9,
            "lambda_lr": 0.0
        }
    },
    "sweep_lambda_init=0.9__lambda_lr=0.1": {
        "cross_entropy": 0.3272002637386322,
        "balanced_accuracy": 0.8597330747346742,
        "macro_f1_score": 0.8596283647992152,
        "disagreement": 0.07544444434137808,
        "mean_pairwise_js_divergence": 0.03197379503399134,
        "time_in_seconds": 60.220878685999196,
        "params": {
            "lambda_init": 0.9,
            "lambda_lr": 0.1
        }
    },
    "sweep_lambda_init=0.9__lambda_lr=0.5": {
        "cross_entropy": 0.3078274726867676,
        "balanced_accuracy": 0.859811159171659,
        "macro_f1_score": 0.8596138034989895,
        "disagreement": 0.03011111133835382,
        "mean_pairwise_js_divergence": 0.0039025709912594822,
        "time_in_seconds": 59.89688119001221,
        "params": {
            "lambda_init": 0.9,
            "lambda_lr": 0.5
        }
    },
    "_sweep_time_seconds": 552.0467180580017
}