{
    "train_loss": [
        0.3352005452579922,
        0.2505521831247542,
        0.225148330728213,
        0.21173057595888772,
        0.20082535727156534,
        0.18892913937568664,
        0.17754959230621656,
        0.17465109416180186,
        0.16909337787164583,
        0.15870962576733696,
        0.15432897651361094,
        0.14520076327853731,
        0.1392856003012922,
        0.13736146801047855,
        0.13399147763848304,
        0.12414961521824201,
        0.11772638491458363,
        0.1249974865714709,
        0.11355612085097366,
        0.10905559822916984,
        0.11000246248311467,
        0.09870457356174787
    ],
    "task": [
        0.3356885266304016,
        0.25110326164298585,
        0.22557009206877815,
        0.2121654001540608,
        0.2012663961450259,
        0.18942320422993766,
        0.17804683027995957,
        0.17526181719369358,
        0.16973436656925414,
        0.1594236166609658,
        0.15523980786403022,
        0.14612905444370375,
        0.14019314562280974,
        0.13852708076437314,
        0.1352343221505483,
        0.12523934529887307,
        0.11891061288615068,
        0.12648753419518471,
        0.11482537431021532,
        0.11036121289763186,
        0.11139394020868672,
        0.10006027816070451
    ],
    "penalty": [
        0.0009875328512862324,
        0.001115218333563664,
        0.0008535183456519411,
        0.0008799542262568138,
        0.0008925237642769287,
        0.0009998388894988846,
        0.0010062620196387999,
        0.001235916793682716,
        0.0012971702491631732,
        0.0014449066184655142,
        0.0018432529305735241,
        0.0018785828138546397,
        0.00183659796603024,
        0.0023588531346629476,
        0.002515143709541816,
        0.002205290334079311,
        0.0023965204490943707,
        0.003015412428131741,
        0.0025685920398811706,
        0.0026421721594589243,
        0.00281593649499377,
        0.00274353890259388
    ],
    "val_loss": [
        0.26672286331653594,
        0.2531617707014084,
        0.22823958814144135,
        0.21461137801408767,
        0.21170364916324616,
        0.22216855496168136,
        0.24165150359272958,
        0.23613116323947905,
        0.1929611411690712,
        0.1960212317109108,
        0.19093900829553603,
        0.1860526642203331,
        0.2151099932193756,
        0.24078650772571564,
        0.17540292531251908,
        0.196095814704895,
        0.17285003140568733,
        0.18875423818826675,
        0.21703863322734832,
        0.21222426380962134,
        0.2625772823393345,
        0.23254066824913025
    ],
    "js_mean": [
        0.007048391985396545,
        0.0028021198340381186,
        0.0029353520382816595,
        0.004886148888617754,
        0.0033427596744149924,
        0.0023924104069980483,
        0.0030715656117536127,
        0.004749815265337627,
        0.005283631659888973,
        0.010139735305371385,
        0.007707951623015107,
        0.008119467966413744,
        0.01647115420550108,
        0.013513114371647438,
        0.012762660879331332,
        0.022119148336350918,
        0.012963584847748282,
        0.013533084268371263,
        0.015579542110984524,
        0.012979231004913647,
        0.018787094103172423,
        0.015507035115733741
    ],
    "disag": [
        0.05499999999999999,
        0.02,
        0.02166666666666667,
        0.029999999999999995,
        0.016666666666666666,
        0.013333333333333334,
        0.021666666666666664,
        0.02333333333333333,
        0.03,
        0.034999999999999996,
        0.02666666666666667,
        0.021666666666666664,
        0.04666666666666667,
        0.035,
        0.04166666666666666,
        0.04333333333333333,
        0.028333333333333332,
        0.035,
        0.03666666666666667,
        0.025,
        0.029999999999999995,
        0.025
    ]
}