{
    "loss": [
        1.021529681955065,
        0.833103348663875,
        0.6313007049901145,
        0.4820312738759177,
        0.39192336065428596,
        0.34652038764953613,
        0.32641175035067965,
        0.3172912135124207,
        0.31039012200491767,
        0.30683497880186356,
        0.3047788613864354,
        0.3037826464176178,
        0.30205445713656287,
        0.3003832551070622,
        0.2993676381409168,
        0.299524689912796,
        0.29732438012531825,
        0.29727864352294375,
        0.2954567559276308,
        0.29510801489012584,
        0.294966491324561,
        0.2942549013580595,
        0.29290058582382544,
        0.2915339070728847,
        0.29263431770460946,
        0.29124658138411386,
        0.2917648354598454,
        0.2907643374119486,
        0.2900188160453524,
        0.28965097357545583
    ],
    "lambda": [
        0.8999999761581421,
        0.8999999761581421,
        0.8999999761581421,
        0.8999999761581421,
        0.8999999761581421,
        0.8999999761581421,
        0.8999999761581421,
        0.8999999761581421,
        0.8999999761581421,
        0.8999999761581421,
        0.8999999761581421,
        0.8999999761581421,
        0.8999999761581421,
        0.8999999761581421,
        0.8999999761581421,
        0.8999999761581421,
        0.8999999761581421,
        0.8999999761581421,
        0.8999999761581421,
        0.8999999761581421,
        0.8999999761581421,
        0.8999999761581421,
        0.8999999761581421,
        0.8999999761581421,
        0.8999999761581421,
        0.8999999761581421,
        0.8999999761581421,
        0.8999999761581421,
        0.8999999761581421,
        0.8999999761581421
    ],
    "Z_norm_mean": [
        0.062332478570086614,
        0.2758415582861219,
        0.578907591002328,
        0.7998939937182835,
        0.7821963320459638,
        0.6586222632953099,
        0.6039236653191703,
        0.7411263484273638,
        1.0699952032906668,
        1.314756289754595,
        1.740002279826573,
        2.0355111620766775,
        2.4288118179866247,
        2.6929902866908484,
        2.981716283798218,
        3.3215405379704066,
        3.5521857362474716,
        3.9977582285744804,
        3.9481201090131486,
        4.249270368303572,
        4.5715045040675575,
        4.532144817352295,
        4.736464843205043,
        4.9338929492405486,
        5.02067635181972,
        4.9186820324489045,
        4.766844475337437,
        4.838915187290737,
        4.75277067729405,
        4.706977902548654
    ],
    "B_norm_mean": [
        0.0013662747982889415,
        0.0034129511352096287,
        0.005855008272188051,
        0.006131838609065328,
        0.005007253656962089,
        0.004554724004119635,
        0.00504601925238967,
        0.006297643731747355,
        0.007639506208045142,
        0.008441495828862701,
        0.009863715578934977,
        0.009821543679705688,
        0.010893838665315084,
        0.011520060104983194,
        0.011700137302612088,
        0.011792255520820617,
        0.012364369672323976,
        0.011918962690447059,
        0.012335878059267998,
        0.012614538149109908,
        0.013013318250221865,
        0.012805459639855793,
        0.012970429257356695,
        0.013158877262047359,
        0.013289187701685088,
        0.013139526531100273,
        0.013605163437979562,
        0.013628658480410064,
        0.013780890688300133,
        0.013689934415476663
    ],
    "Hv_norm_mean": [
        0.030625113678830012,
        0.16223446777888706,
        0.42998482608795163,
        0.7181689687456404,
        0.8103191807610648,
        0.7402144754954747,
        0.8778162437166487,
        1.5839849858965191,
        2.7756754055023194,
        3.495969851357596,
        4.73051008278983,
        5.553216460091727,
        6.4166609486171176,
        7.0522668794904435,
        7.1955353491646905,
        8.437449908665249,
        8.292588900974819,
        9.173115534101214,
        8.64101714542934,
        9.338138029915946,
        10.444661271231515,
        9.619068055289132,
        9.851093392508371,
        10.50842833001273,
        9.61805832345145,
        8.952574731009348,
        8.361695700509207,
        8.295571793692453,
        7.945437499455044,
        7.699770333971296
    ],
    "A_dot_Z_norm_mean": [
        0.06106765013294561,
        0.2727656099455697,
        0.5740048156465802,
        0.7954444984708513,
        0.7793890393802098,
        0.6567711900983538,
        0.6019458116122655,
        0.7378485723904201,
        1.0654561838422503,
        1.3097946127482822,
        1.7340168194089618,
        2.029970459529332,
        2.422875604901995,
        2.6870658321380616,
        2.976129860469273,
        3.316067771094186,
        3.5467106783730644,
        3.9927487978254046,
        3.9430934039524623,
        4.24412474659511,
        4.566515714372907,
        4.527391383579799,
        4.731645157950265,
        4.929006349836077,
        5.016110984257289,
        4.914306767599923,
        4.762527646200997,
        4.834660323006767,
        4.748620784759521,
        4.702786079951695
    ],
    "g_lambda": [
        -0.004524935410158443,
        -0.03713009052617209,
        -0.04832434900317873,
        -0.0016168192880494255,
        0.02405789261630603,
        0.01739588358572551,
        0.009216429948806762,
        0.011348064684442112,
        0.015093321080718721,
        0.009581139483622143,
        0.029528089668069565,
        0.004381371438503265,
        0.015637292998177666,
        0.04065780249663762,
        0.05612657760722296,
        -0.02741628929546901,
        0.03555467774186816,
        0.0004034976363182068,
        0.0036069146394729613,
        -0.007121299505233765,
        0.026946539674486434,
        0.032313572338649205,
        0.05899571024945804,
        -0.03388607389586312,
        0.008066331216267177,
        -0.007466704079083034,
        -0.030455788237707955,
        -0.007274913609027863,
        -0.022686399221420288,
        0.03830402771064213
    ],
    "grad_norm_mean": [
        0.45169416781834193,
        0.5312769324438913,
        0.5454192976270403,
        0.6056482584135873,
        0.6640307136944362,
        0.6928048659733363,
        0.7756809171949114,
        0.828470664705549,
        0.7783269266401018,
        0.8197502786091396,
        0.8225152090617589,
        0.8542552240916661,
        0.8370384029660906,
        0.8561146217073713,
        0.8475785100119455,
        0.8613713316236223,
        0.8896262747900826,
        0.8490492015566145,
        0.86998257793699,
        0.8867680932453701,
        0.894897271837507,
        0.9132729369572231,
        0.8768538371835436,
        0.8813826811654227,
        0.8805248682839529,
        0.9040039163317,
        0.900419198853629,
        0.9079881571360997,
        0.8561614634650094,
        0.9339240600040981
    ],
    "val_loss": [
        0.9334790077209473,
        0.7143672695159912,
        0.5321198477745056,
        0.41556237173080446,
        0.35756335520744326,
        0.33331002974510193,
        0.3290550863742828,
        0.3174610090255737,
        0.31227830934524536,
        0.30830670237541197,
        0.3154326477050781,
        0.3092847461700439,
        0.30892685878276827,
        0.31196456706523895,
        0.3087875804901123,
        0.30956274032592773,
        0.3070563280582428,
        0.3101342046260834,
        0.3097932702302933,
        0.3114613664150238,
        0.3111512196063995,
        0.3088961756229401,
        0.31270504963397977,
        0.31381040954589845,
        0.31268035125732424,
        0.3085380123853683,
        0.30726354026794434,
        0.30851347076892854,
        0.3126579837799072,
        0.31108062160015104
    ],