{
    "cross_entropy": 0.30949831008911133,
    "balanced_accuracy": 0.8578445908334092,
    "macro_f1_score": 0.8576613008135957,
    "disagreement": 0.032999999821186066,
    "mean_pairwise_js_divergence": 0.004315047951725622,
    "time_in_seconds": 60.40997395798331,
    "params": {
        "lambda_init": 0.5,
        "lambda_lr": 0.0
    }
}