{
    "loss": [
        0.891310079209299,
        0.7227597004566944,
        0.5943944087557044,
        0.5132622224521867,
        0.459524393607328,
        0.41732902214556344,
        0.3781254762251759,
        0.343112096649716,
        0.3105308337588758,
        0.2813713429167153,
        0.2583739617241168,
        0.24184923945772926,
        0.23058547444207225,
        0.22259321779488545,
        0.2169664057585173,
        0.2146444602600049,
        0.2129454953859519,
        0.2118553610243985,
        0.21118415287335124,
        0.21014411504543984,
        0.21044030425066493,
        0.21019762280790327,
        0.20975026281912265,
        0.20992786829860247,
        0.20920229903769857,
        0.20941530981450732,
        0.2093982662503444,
        0.20942967738354468,
        0.2088778138691902,
        0.20871226633409562
    ],
    "lambda": [
        0.8999999761581421,
        0.8999999761581421,
        0.8999999761581421,
        0.8999999761581421,
        0.8999999761581421,
        0.8999999761581421,
        0.8999999761581421,
        0.8999999761581421,
        0.8999999761581421,
        0.8999999761581421,
        0.8999999761581421,
        0.8999999761581421,
        0.8999999761581421,
        0.8999999761581421,
        0.8999999761581421,
        0.8999999761581421,
        0.8999999761581421,
        0.8999999761581421,
        0.8999999761581421,
        0.8999999761581421,
        0.8999999761581421,
        0.8999999761581421,
        0.8999999761581421,
        0.8999999761581421,
        0.8999999761581421,
        0.8999999761581421,
        0.8999999761581421,
        0.8999999761581421,
        0.8999999761581421,
        0.8999999761581421
    ],
    "Z_norm_mean": [
        0.08380111091660604,
        0.27590785540482654,
        0.5007825844844743,
        0.7194854116687711,
        0.8755742996720811,
        0.9521863401666522,
        0.978115593506154,
        0.9779403790903499,
        0.9788956449149578,
        0.9884713376670622,
        0.9988741373157041,
        1.0050555302049429,
        1.0046072726439155,
        0.9984735451442267,
        0.9841660985351716,
        0.9652877422322848,
        0.942202540963191,
        0.9178724085315204,
        0.8908308358870605,
        0.8668510181462061,
        0.8424884921726222,
        0.8218816143847556,
        0.8030282652072644,
        0.7866987719484478,
        0.7715761916282404,
        0.7581415470762851,
        0.7464669852773806,
        0.7349438865610626,
        0.7265659283626669,
        0.7187425535804403
    ],
    "B_norm_mean": [
        0.0022105753875340654,
        0.0032161684463688023,
        0.004682470240823529,
        0.0054315220653828175,
        0.005420105099177276,
        0.005022832546438476,
        0.004594825644106935,
        0.004100474227403802,
        0.003716787544860357,
        0.003476972150057139,
        0.0032019143470386965,
        0.0028650988824665546,
        0.0025795381315636273,
        0.0023588362110815346,
        0.0021129077175238565,
        0.001920708842735324,
        0.0017867980295265867,
        0.0016661487536859688,
        0.0015039840655476048,
        0.0014238277194461957,
        0.0013715139824677103,
        0.0013590348224617982,
        0.0012435301811691282,
        0.001218668761761009,
        0.0011681754093975482,
        0.001149946294508451,
        0.0011319410792668479,
        0.001077490673195384,
        0.0010946349937169969,
        0.00105528267164605
    ],
    "Hv_norm_mean": [
        0.11050474881638925,
        0.3332702306580287,
        0.654752382150247,
        1.1017698679012833,
        1.4150593123204018,
        1.5626630127939025,
        1.5850995686520797,
        1.4794393565811457,
        1.3715098271616055,
        1.234631950289531,
        1.1247567266413947,
        1.0279668650572247,
        0.9607075783916889,
        0.9004307482882675,
        0.8267562520402185,
        0.7599803108377524,
        0.6994152376300289,
        0.6671854757793411,
        0.6087427970604342,
        0.5900101622285074,
        0.5348776942329959,
        0.5249746809030527,
        0.4652128113807908,
        0.4665863771355378,
        0.42304879836419945,
        0.41045781574946905,
        0.3882363425547688,
        0.3940626300935005,
        0.35233151965808834,
        0.3513529335438785
    ],
    "A_dot_Z_norm_mean": [
        0.08164761698781625,
        0.2729014308311839,
        0.49651545469883956,
        0.714338788612598,
        0.8705040399708626,
        0.9475991436641011,
        0.9740786685670922,
        0.9745500954915899,
        0.9760112815792128,
        0.9859309883485972,
        0.9966723644463404,
        1.003185191563501,
        1.00299891640252,
        0.9970475980175768,
        0.9829351074227249,
        0.9641997808202509,
        0.9412412899956135,
        0.9170163366106687,
        0.8900707222651337,
        0.866150113560655,
        0.8418530334649014,
        0.8212867496937037,
        0.8024787104267017,
        0.786181147130413,
        0.7710932357976129,
        0.7576772273140152,
        0.7460226955530681,
        0.7345153839226066,
        0.7261506387216204,
        0.7183361575367103
    ],
    "g_lambda": [
        -0.024667711701103018,
        -0.11240615044584559,
        -0.21702480271895755,
        -0.2436917110242854,
        -0.2379624661552034,
        -0.1923263279912731,
        -0.1586807762994405,
        -0.13082862206320758,
        -0.10478097134824141,
        -0.08281812015913961,
        -0.06649036936093962,
        -0.0514648902595508,
        -0.03746788124242179,
        -0.02476323228516169,
        -0.016967889773972386,
        -0.01063575105782428,
        -0.006129871188246911,
        -0.003193126211888366,
        -0.0011158563885554213,
        0.0007903896691675329,
        0.0013809186391562855,
        0.0031883883377488023,
        0.0021909897157218966,
        0.003202249645298735,
        0.0029243935519297506,
        0.003183906817842639,
        0.0027921422157468428,
        0.0021226402733720423,
        0.002799634215298513,
        0.0024838704111609946
    ],
    "grad_norm_mean": [
        1.077934374031948,
        0.996909569064968,
        0.934793576758633,
        0.961063884909694,
        0.8999667425736414,
        0.9067083525029072,
        0.9319775744614175,
        0.9254595742454061,
        0.9531107195858791,
        0.8841498476220381,
        0.8298412744236665,
        0.8335474741489879,
        0.9170113323436897,
        0.9140484121445162,
        0.9395148562225232,
        0.8666576167884654,
        0.839271336163104,
        0.8985376021607941,
        0.9016663202157571,
        0.9631905538903883,
        0.9036154597831667,
        0.9780494192033464,
        0.851197280274684,
        0.9629485114905367,
        0.8757447303116123,
        0.9336506970699862,
        0.8718475809426631,
        0.99450141738172,
        0.8496735119881614,
        0.9018112440955626
    ],
    "val_loss": [
        0.8383750344251657,
        0.6737918087414333,
        0.5552368039434606,
        0.4791242449895128,
        0.4251590063239073,
        0.37918356722825536,
        0.33954117449798754,
        0.30228070396349416,
        0.27021231035786597,
        0.2442556630039902,
        0.22573698723972957,
        0.2121261270118079,
        0.20253448809445904,
        0.19742759037052293,
        0.19370334601881514,
        0.194169023327602,
        0.19258573529621972,
        0.1919423570357529,
        0.19130645812849678,
        0.19147654319427343,
        0.1915446798010977,
        0.19444837402476772,
        0.19115464408532717,
        0.19076842372969033,
        0.19369855713810397,
        0.19157015897814403,
        0.19111719260826804,
        0.19286959399363365,
        0.19138449735458724,
        0.19116108741901525
    ],