{
    "loss": [
        0.33858048028605325,
        0.24476297766821725,
        0.22625802210399082,
        0.2072470711810248,
        0.1971141016994204,
        0.18707091210569654,
        0.17804945440803255,
        0.1665976646893791,
        0.16554761012324265,
        0.1554186114030225,
        0.14868631973011154,
        0.1426476610302925,
        0.13301082340308598,
        0.13408637964725495,
        0.12946239773716245,
        0.115786040357181,
        0.11311292795624052,
        0.111796564287373,
        0.10567843090423516,
        0.09752795534368072,
        0.09423674735001156,
        0.09239235896830048,
        0.08592390231788158,
        0.08516172263239111,
        0.07943060254199165,
        0.08138505403484617,
        0.06810164494493177,
        0.07060457376710007,
        0.06371783625307892,
        0.07003218905414854
    ],
    "lambda": [
        0.5,
        0.5,
        0.5,
        0.5,
        0.5,
        0.5,
        0.5,
        0.5,
        0.5,
        0.5,
        0.5,
        0.5,
        0.5,
        0.5,
        0.5,
        0.5,
        0.5,
        0.5,
        0.5,
        0.5,
        0.5,
        0.5,
        0.5,
        0.5,
        0.5,
        0.5,
        0.5,
        0.5,
        0.5,
        0.5
    ],
    "Z_norm_mean": [
        0.17389383152553015,
        0.2636160341330937,
        0.2738300408295223,
        0.24941465904031482,
        0.25022468662261965,
        0.2716353579589299,
        0.261182078906468,
        0.2710996431963784,
        0.31151697863851274,
        0.30807678852762493,
        0.36555464257512776,
        0.36875268476349965,
        0.37948655148914884,
        0.47558712203162057,
        0.5187244070938656,
        0.41781742075511386,
        0.4817097588947841,
        0.5561352271693093,
        0.4889798577853611,
        0.5222252623694283,
        0.5336724587168012,
        0.5948054249627249,
        0.592394437449319,
        0.6244339693614415,
        0.6325819760731288,
        0.7736955303464617,
        0.5352532734870911,
        0.6226982075827462,
        0.6807043851443699,
        1.0263197705405098
    ],
    "B_norm_mean": [
        0.02671438042606626,
        0.039220470462526594,
        0.0385195746251515,
        0.03857217050024441,
        0.041167045544300764,
        0.04372754263239247,
        0.04787880766817502,
        0.04984900580692504,
        0.05900870499014854,
        0.05804285316595009,
        0.06724385342214789,
        0.06902923626346248,
        0.07382730870587485,
        0.0842643350522433,
        0.08664317449714456,
        0.0802033974826336,
        0.08834277151312146,
        0.09569385913972343,
        0.08815296338817903,
        0.09064993856953724,
        0.097213694781065,
        0.10118109309513654,
        0.09937257210697446,
        0.1091388228792431,
        0.10400006143855198,
        0.11219416310318879,
        0.08988443939866764,
        0.11555926589029177,
        0.10062398393591866,
        0.11878620862535068
    ],
    "Hv_norm_mean": [
        0.07602239520209177,
        0.11398702943325043,
        0.11776745004313333,
        0.10357505091599056,
        0.10381409290858677,
        0.12053631111553736,
        0.12092139236416136,
        0.12928124821186066,
        0.16289929154941013,
        0.15200509238243104,
        0.2024481953212193,
        0.21341087096078054,
        0.21286770708220346,
        0.29401682717459543,
        0.29527953651973177,
        0.2393621952193124,
        0.27083102314812796,
        0.3499468034335545,
        0.30208278213228495,
        0.3054236708538873,
        0.3577956284795489,
        0.3944414229393005,
        0.38696068722861154,
        0.4198356994560787,
        0.42129006610597886,
        0.5159719761439732,
        0.3221063526698521,
        0.4594507616588048,
        0.46490295011656624,
        0.7360203819615501
    ],
    "A_dot_Z_norm_mean": [
        0.1631053660086223,
        0.2521883729866573,
        0.2632811498812267,
        0.23929461131777083,
        0.2393563918045589,
        0.26035378769465856,
        0.2495808426822935,
        0.25907907458714075,
        0.2980724673611777,
        0.2952692891870226,
        0.3491943517753056,
        0.3537167017800467,
        0.36370155995232717,
        0.4559123618262155,
        0.5018111942836216,
        0.40003930943352833,
        0.46438370507104054,
        0.5376094222068787,
        0.4711469341005598,
        0.5044777000631605,
        0.5134480305399214,
        0.5763745263644627,
        0.573296367100307,
        0.604793897833143,
        0.6142207276480538,
        0.7561380622046334,
        0.5181224622045244,
        0.6024497362545559,
        0.6626767414637974,
        1.0120016333716255
    ],
    "g_lambda": [
        -0.0014617397266307047,
        -0.001317157143859991,
        -0.00023015155909316881,
        0.0009090543198399246,
        0.0012787813719894205,
        0.000832188888319901,
        0.001785038719485913,
        0.0014897880668618849,
        0.000736712623121483,
        0.00021109390085829156,
        0.002284392005896994,
        0.00045555642619729043,
        0.0006550600959786347,
        0.0007715321202496333,
        0.0010444375053048135,
        0.0037453754054648535,
        0.0020859458326761213,
        0.004345724177679845,
        0.002089375806706292,
        0.0011216968117015703,
        0.0011586242147854397,
        0.0001553264872304031,
        0.001246302925582443,
        -0.0002550584003329277,
        0.0007208467948117426,
        0.011105898812413216,
        0.004486470274627208,
        0.0018223025500774383,
        0.0055079199983073136,
        -0.00015237678374562945
    ],
    "grad_norm_mean": [
        0.4154666976928711,
        0.5134165541103908,
        0.547912015233721,
        0.5436909991673061,
        0.5523983543940952,
        0.5425580861227853,
        0.566006354195731,
        0.5512087828261512,
        0.6134221401555198,
        0.5923985780307225,
        0.6105965404510498,
        0.6105739786284311,
        0.6122336658750261,
        0.6517830694743565,
        0.6455402191707066,
        0.5979855288096837,
        0.6271926881245204,
        0.6366122028146471,
        0.6271645678452084,
        0.5821573838506426,
        0.6038219332013811,
        0.6245095781769071,
        0.6057565013340541,
        0.6381782096028328,
        0.600312661579677,
        0.6267985626629421,
        0.5404878889833178,
        0.6160702424730573,
        0.5662308888690812,
        0.6309078889574323
    ],
    "val_loss": [
        0.27432030272483826,
        0.249049911737442,
        0.23821493542194366,
        0.24617392843961716,
        0.2596869728565216,
        0.24364808416366576,
        0.19193130373954773,
        0.19045286506414413,
        0.1967400690317154,
        0.19202461647987365,
        0.206910413146019,
        0.19111417412757872,
        0.1957368401288986,
        0.20795057559013366,
        0.17616711938381194,
        0.18442574882507323,
        0.19194418931007384,
        0.1891401308476925,
        0.19826166659593583,
        0.21248022371530534,
        0.2010033394396305,
        0.21261267814040183,
        0.21941240894794464,
        0.20438480484485627,
        0.25226563423871995,
        0.19503950798511505,
        0.22877705734968184,
        0.23014393877983094,
        0.21925382095575333,
        0.21088502398133277
    ],