{
    "loss": [
        1.0229228840933906,
        0.839958782725864,
        0.6301474769910177,
        0.4655808397134145,
        0.37907660828696355,
        0.3425314786699083,
        0.32540425406561957,
        0.3163495373725891,
        0.31162144541740416,
        0.30765688962406584,
        0.30523840102884503,
        0.30269579688707987,
        0.30092474010255604,
        0.29723702470461527,
        0.2962225392129686,
        0.2947393514712652,
        0.29339272446102566,
        0.2904987671640184,
        0.28988403333557977,
        0.28926636742220985,
        0.2880524684654342,
        0.2853420486715105,
        0.28494429800245497,
        0.28442804661062027,
        0.2831033588118023,
        0.2831059062480927,
        0.28094192451900907,
        0.2801120869980918,
        0.2800196061531703,
        0.27862288494904836,
        0.2778310667143928,
        0.277556562754843,
        0.27664801326062943,
        0.2740477610296673
    ],
    "lambda": [
        0.5270577438672384,
        0.5839279413223266,
        0.7023528530862596,
        0.8085266926553514,
        0.8635244443681505,
        0.8827705489264595,
        0.8883129337098863,
        0.8879703529675802,
        0.8845666615168254,
        0.8815291796790229,
        0.8789867975976732,
        0.8768047489060296,
        0.8758609713448419,
        0.8756909243265788,
        0.8757377065552605,
        0.8761793520715502,
        0.8775757834646437,
        0.8786901145511203,
        0.8799144999186198,
        0.8829133995374043,
        0.8864604828092787,
        0.890524693330129,
        0.8949145515759785,
        0.8996961008177863,
        0.9047334750493368,
        0.9106765580177307,
        0.9168134909205966,
        0.9233965198198955,
        0.929975274933709,
        0.9367621535725064,
        0.9438119578361511,
        0.9503434409035577,
        0.9581457371181912,
        0.9652832039197285
    ],
    "Z_norm_mean": [
        0.00786784254402543,
        0.0202637030929327,
        0.030507523947291903,
        0.03624852470225758,
        0.04250256233745151,
        0.04901556986901495,
        0.054609588384628295,
        0.058710733817683325,
        0.06141123847828971,
        0.06322025573915906,
        0.06443841805060704,
        0.06485180993874867,
        0.06511331111192703,
        0.06503599670198229,
        0.06491250356038411,
        0.06451453685760498,
        0.06418580114841461,
        0.06380657302008735,
        0.06347568617926704,
        0.063150814473629,
        0.06289050161838532,
        0.06266401482952966,
        0.06252035803265042,
        0.06245528043972121,
        0.06243697568774223,
        0.06250690380732218,
        0.06264980726771885,
        0.06293784171342849,
        0.06326213975747426,
        0.06370574951171876,
        0.0642357638809416,
        0.06476955682039261,
        0.06541248093048732,
        0.066091464791033
    ],
    "B_norm_mean": [
        0.00018947050570406848,
        0.00032636184491113655,
        0.00047484028903353547,
        0.0004900460465190311,
        0.0005152631657094591,
        0.0005275182728655636,
        0.0005274514090787205,
        0.0005009535309444699,
        0.0004709648594467176,
        0.0004523885237156517,
        0.00043339822156768704,
        0.0004179531694131179,
        0.0003983325904442204,
        0.0003832954147623645,
        0.00036496893489836816,
        0.0003603009668747998,
        0.0003572794779514273,
        0.00035472183514179454,
        0.0003552488707161198,
        0.00034471260357855097,
        0.000343150501139462,
        0.000343135840828634,
        0.00033225922709486137,
        0.00034265540850659214,
        0.00034010731822086706,
        0.00034003131828891733,
        0.0003450336670761721,
        0.0003504439289422913,
        0.000348016132419515,
        0.0003439797956444737,
        0.00035469982980026137,
        0.00035216194616320234,
        0.0003530513611622155,
        0.00036312045426004465
    ],
    "Hv_norm_mean": [
        0.0055433289860633925,
        0.018302283038695653,
        0.03476431667804718,
        0.030923480573627683,
        0.02261234820716911,
        0.02096344682905409,
        0.021803856674167846,
        0.023029388727413284,
        0.023652761288815074,
        0.023964021106561026,
        0.024201416315303908,
        0.024021364938881663,
        0.023599304838312997,
        0.02231352775461144,
        0.02169161861969365,
        0.021776394347349803,
        0.021280652441912226,
        0.020684919812613063,
        0.019901700417200723,
        0.019858623900347285,
        0.01891578659415245,
        0.018815818710459602,
        0.018011501282453535,
        0.01843431675599681,
        0.017970748005641832,
        0.017812810929285154,
        0.017962645631697444,
        0.01772045466634962,
        0.01757982892294725,
        0.01759306120375792,
        0.017559285130765705,
        0.01789043525026904,
        0.01776102898021539,
        0.017637441009283064
    ],
    "A_dot_Z_norm_mean": [
        0.0076936124932641785,
        0.01999433553053273,
        0.03019556166397201,
        0.036047691421376336,
        0.04236023346583048,
        0.04888716818557845,
        0.05449334015448888,
        0.05860655950175391,
        0.06131929089625676,
        0.06313857671287325,
        0.06436562912331686,
        0.06478665835327573,
        0.06505464262432523,
        0.06498299883471595,
        0.06486437009440528,
        0.06447086109055414,
        0.06414519452386432,
        0.06376890559991201,
        0.06344077911641863,
        0.06311758653985129,
        0.06285964336660173,
        0.06263479063908259,
        0.06249215616120232,
        0.06242807466122839,
        0.062410579174757,
        0.06248116927014457,
        0.06262462811337577,
        0.06291306767198775,
        0.06323782092995114,
        0.06368142830000983,
        0.06421124892102348,
        0.06474572506215837,
        0.06538847608698739,
        0.06606751498248842
    ],
    "g_lambda": [
        -0.0005712265203813634,
        -0.002853221519746714,
        -0.003674925996714996,
        -0.0024011051908342375,
        -0.0009668064513243734,
        -0.00029497276241373686,
        -6.187443304548247e-05,
        8.235259086682669e-05,
        9.498240969454249e-05,
        7.274196392649578e-05,
        8.388259140903957e-05,
        4.899062410307427e-05,
        -1.9200388730193177e-07,
        8.387787028267565e-06,
        -2.768007850843585e-06,
        -3.4530312219026704e-05,
        -3.777098211382205e-05,
        -1.5469487035362463e-05,
        -7.103537982200376e-05,
        -0.00010607914149457227,
        -0.00010123549100373768,
        -0.00012852764390926393,
        -0.00013891097837282965,
        -0.00014530241465965648,
        -0.00015352821786008362,
        -0.0001884914142687598,
        -0.00017738770127632758,
        -0.00020028146436541444,
        -0.00021228214195515547,
        -0.00017744282538640418,
        -0.00022184020082931965,
        -0.00019972313564115514,
        -0.00022103575077683975,
        -0.00019955939102348768
    ],