{
    "loss": [
        1.0230354389463152,
        0.8428660363469805,
        0.6408098045757838,
        0.4796287747451237,
        0.3866203297036035,
        0.3438938454219273,
        0.3254757724148887,
        0.3171110940320151,
        0.31011504750592367,
        0.3059347894872938,
        0.3040935175929751,
        0.3018510264328548,
        0.29961474130834853,
        0.2976234686715262,
        0.29582495896305355,
        0.2948094306332724,
        0.2933648982644081,
        0.29195608610766277,
        0.2898207503557205,
        0.2890383845397404,
        0.2885865359987531,
        0.28759645053318567,
        0.2860267885667937,
        0.2839000884464809,
        0.28448755083765304,
        0.2830860416207995,
        0.28271937196595326,
        0.2813992987700871,
        0.27979528032030376,
        0.2794988642249789
    ],
    "lambda": [
        0.5,
        0.5,
        0.5,
        0.5,
        0.5,
        0.5,
        0.5,
        0.5,
        0.5,
        0.5,
        0.5,
        0.5,
        0.5,
        0.5,
        0.5,
        0.5,
        0.5,
        0.5,
        0.5,
        0.5,
        0.5,
        0.5,
        0.5,
        0.5,
        0.5,
        0.5,
        0.5,
        0.5,
        0.5,
        0.5
    ],
    "Z_norm_mean": [
        0.04680957242207868,
        0.147222405229296,
        0.21700987815856934,
        0.19821765507970537,
        0.17581687573024204,
        0.17402391634668624,
        0.1854599950824465,
        0.20077904326575144,
        0.21535911629881177,
        0.22236284308774132,
        0.23143182223183767,
        0.23196658546583993,
        0.2340293310199465,
        0.23606869663511004,
        0.2346871885912759,
        0.2308997267314366,
        0.22964795083659037,
        0.22682686870438712,
        0.22523442561285836,
        0.21944995079721724,
        0.2179738278899874,
        0.21320154544285366,
        0.2118084282875061,
        0.2060760614531381,
        0.20468420566831316,
        0.20085353255271912,
        0.19763756920610157,
        0.19765031596592494,
        0.19595573834010532,
        0.19076700047084263
    ],
    "B_norm_mean": [
        0.0011108835363494499,
        0.002027054545602628,
        0.0027150341695440666,
        0.0023720342495611737,
        0.0024174729835774217,
        0.0027860023459153516,
        0.003138328952980893,
        0.003364111744399582,
        0.0033695896097591946,
        0.003482866565430803,
        0.0034084297070013625,
        0.003354467245084899,
        0.003259091847709247,
        0.0031962215304374695,
        0.003143154123132782,
        0.0031936306453176906,
        0.0030927228910316313,
        0.0030846058513436998,
        0.0030555565801582167,
        0.0029685282284127815,
        0.0029858059361577032,
        0.002944018252992204,
        0.002924167490747225,
        0.002926907364545124,
        0.002918573248599257,
        0.0029194821656814644,
        0.002992928176053933,
        0.002957468002302838,
        0.0029476168203566755,
        0.0029063393433711357
    ],
    "Hv_norm_mean": [
        0.026919560024780888,
        0.10967112651893071,
        0.22490105535302843,
        0.20822187433923994,
        0.12757217846597943,
        0.09959757283755712,
        0.10265188809803553,
        0.11409813935416085,
        0.12654523710693633,
        0.13391480675765446,
        0.14616395694868906,
        0.13284910944529943,
        0.14536339722360883,
        0.14820005977153777,
        0.14340206096853528,
        0.13815497149739947,
        0.13588100609609058,
        0.13894378059250967,
        0.13858431435482843,
        0.1267052242585591,
        0.13703354118551528,
        0.12876136805330005,
        0.12508576422929762,
        0.12909804584298815,
        0.13063058234964098,
        0.12108520483970642,
        0.11659673173086983,
        0.12611868478570665,
        0.11610967279332025,
        0.11718039051124028
    ],
    "A_dot_Z_norm_mean": [
        0.045791725531220434,
        0.14545761963299342,
        0.21496882113388607,
        0.19707721602916717,
        0.17519278609752656,
        0.17343518590927123,
        0.18480539900915963,
        0.20009940031596593,
        0.21467478810037885,
        0.22167119114739553,
        0.23077113590921675,
        0.23135642055102756,
        0.23342192581721716,
        0.235491815498897,
        0.2341406684943608,
        0.23036927918025427,
        0.22914289041927882,
        0.22631788376399448,
        0.2247353583403996,
        0.21898754179477692,
        0.21749518174784524,
        0.21274799343517847,
        0.21137038791179658,
        0.20562680505003247,
        0.20423679743494305,
        0.20043041818482535,
        0.19721558267729622,
        0.1972140736579895,
        0.1955460353919438,
        0.1903557061127254
    ],
    "g_lambda": [
        -0.002993044016749731,
        -0.016494629236204282,
        -0.01637920859030315,
        -0.00219264380261302,
        0.0008221586357269968,
        0.0001964504559125219,
        0.00016057572939566205,
        0.0007879991092319999,
        0.001341619366114693,
        0.0016377661542168686,
        0.00157541814659323,
        0.0016425761505961419,
        0.0013069787443216359,
        0.0010093455278713788,
        0.0011762207436508366,
        0.001113869735705001,
        0.0010474851951003076,
        0.001005609325000218,
        0.0011976079866290092,
        0.0011650371737778186,
        0.0011406834213329212,
        0.0010143217059916684,
        0.0010215324776779327,
        0.0007779756089938538,
        0.00085228295730693,
        0.0008640638749514307,
        0.0010079185967998845,
        0.0011139274473701206,
        0.000811373029702476,
        0.0008840034377894232
    ],
    "grad_norm_mean": [
        0.44669154419217794,
        0.5340750885009765,
        0.5873485528400966,
        0.6618725442886353,
        0.7041684152058193,
        0.721213440486363,
        0.8007359530585153,
        0.8601600212369647,
        0.8012137652805873,
        0.8489625934192112,
        0.8617861471176147,
        0.8904852634157453,
        0.8821535617283413,
        0.901410653250558,
        0.8780788593292236,
        0.9021599897657122,
        0.9595276602336339,
        0.8836535456521171,
        0.9073929441315787,
        0.9414282881191799,
        0.951118321282523,
        0.955849858556475,
        0.9332311665671212,
        0.9212331107684544,
        0.9243594423021589,
        0.9600950023106166,
        0.9638745604923793,
        0.9610692937714713,
        0.8917986494473049,
        0.998757870401655
    ],
    "val_loss": [
        0.9385145835876465,
        0.7273926372528077,
        0.5359218916893005,
        0.40939922857284544,
        0.3535132067203522,
        0.3316202480792999,
        0.3276266417503357,
        0.31500800943374635,
        0.3095213234424591,
        0.3048163800239563,
        0.30941093134880066,
        0.30307265174388887,
        0.30146699380874636,
        0.30388729357719424,
        0.2991271197795868,
        0.3011547417640686,
        0.29640835523605347,
        0.30115716314315794,
        0.2979703378677368,
        0.2978586156368256,
        0.29704523169994357,
        0.2950491553544998,
        0.2978223915100098,
        0.29904938423633576,
        0.29829763805866244,
        0.2926585376262665,
        0.29089346718788145,
        0.29167119014263154,
        0.2949663066864014,
        0.2927698792219162
    ],