{
    "loss": [
        0.9572797086971027,
        0.8925471718188249,
        0.8320136909984188,
        0.7742445469843248,
        0.719672884289943,
        0.6686450908540839,
        0.622009266548293,
        0.581588191942703,
        0.5457466354256796,
        0.5143482372125994,
        0.48702196641301204,
        0.46387682940895303,
        0.44330670006470835,
        0.4242761105885525,
        0.4069086610489327,
        0.3906851863267915,
        0.37513485169083133,
        0.36045971307509284,
        0.34652257338027903,
        0.33300851405530096,
        0.3204407266666577,
        0.30842828988542,
        0.2972180497522386,
        0.28684842878121936,
        0.2771137121593116,
        0.26833502695965933,
        0.26021231990342153,
        0.25321478497083416,
        0.2465488056777093,
        0.24088525696841925
    ],
    "lambda_0": [
        0.0,
        0.0,
        0.0,
        0.0,
        0.0,
        0.0,
        0.0,
        0.0,
        0.0,
        0.0,
        0.0,
        0.0,
        0.0,
        0.0,
        0.0,
        0.0,
        0.0,
        0.0,
        0.0,
        0.0,
        0.0,
        0.0,
        0.0,
        0.0,
        0.0,
        0.0,
        0.0,
        0.0,
        0.0,
        0.0
    ],
    "lambda_1": [
        0.0,
        0.0,
        0.0,
        0.0,
        0.0,
        0.0,
        0.0,
        0.0,
        0.0,
        0.0,
        0.0,
        0.0,
        0.0,
        0.0,
        0.0,
        0.0,
        0.0,
        0.0,
        0.0,
        0.0,
        0.0,
        0.0,
        0.0,
        0.0,
        0.0,
        0.0,
        0.0,
        0.0,
        0.0,
        0.0
    ],
    "lambda_2": [
        0.0,
        0.0,
        0.0,
        0.0,
        0.0,
        0.0,
        0.0,
        0.0,
        0.0,
        0.0,
        0.0,
        0.0,
        0.0,
        0.0,
        0.0,
        0.0,
        0.0,
        0.0,
        0.0,
        0.0,
        0.0,
        0.0,
        0.0,
        0.0,
        0.0,
        0.0,
        0.0,
        0.0,
        0.0,
        0.0
    ],
    "lambda_3": [
        0.0,
        0.0,
        0.0,
        0.0,
        0.0,
        0.0,
        0.0,
        0.0,
        0.0,
        0.0,
        0.0,
        0.0,
        0.0,
        0.0,
        0.0,
        0.0,
        0.0,
        0.0,
        0.0,
        0.0,
        0.0,
        0.0,
        0.0,
        0.0,
        0.0,
        0.0,
        0.0,
        0.0,
        0.0,
        0.0
    ],
    "lambda_4": [
        0.0,
        0.0,
        0.0,
        0.0,
        0.0,
        0.0,
        0.0,
        0.0,
        0.0,
        0.0,
        0.0,
        0.0,
        0.0,
        0.0,
        0.0,
        0.0,
        0.0,
        0.0,
        0.0,
        0.0,
        0.0,
        0.0,
        0.0,
        0.0,
        0.0,
        0.0,
        0.0,
        0.0,
        0.0,
        0.0
    ],
    "lambda_5": [
        0.0,
        0.0,
        0.0,
        0.0,
        0.0,
        0.0,
        0.0,
        0.0,
        0.0,
        0.0,
        0.0,
        0.0,
        0.0,
        0.0,
        0.0,
        0.0,
        0.0,
        0.0,
        0.0,
        0.0,
        0.0,
        0.0,
        0.0,
        0.0,
        0.0,
        0.0,
        0.0,
        0.0,
        0.0,
        0.0
    ],
    "lambda_6": [
        0.0,
        0.0,
        0.0,
        0.0,
        0.0,
        0.0,
        0.0,
        0.0,
        0.0,
        0.0,
        0.0,
        0.0,
        0.0,
        0.0,
        0.0,
        0.0,
        0.0,
        0.0,
        0.0,
        0.0,
        0.0,
        0.0,
        0.0,
        0.0,
        0.0,
        0.0,
        0.0,
        0.0,
        0.0,
        0.0
    ],
    "lambda_7": [
        0.0,
        0.0,
        0.0,
        0.0,
        0.0,
        0.0,
        0.0,
        0.0,
        0.0,
        0.0,
        0.0,
        0.0,
        0.0,
        0.0,
        0.0,
        0.0,
        0.0,
        0.0,
        0.0,
        0.0,
        0.0,
        0.0,
        0.0,
        0.0,
        0.0,
        0.0,
        0.0,
        0.0,
        0.0,
        0.0
    ],
    "lambda_mean": [
        0.0,
        0.0,
        0.0,
        0.0,
        0.0,
        0.0,
        0.0,
        0.0,
        0.0,
        0.0,
        0.0,
        0.0,
        0.0,
        0.0,
        0.0,
        0.0,
        0.0,
        0.0,
        0.0,
        0.0,
        0.0,
        0.0,
        0.0,
        0.0,
        0.0,
        0.0,
        0.0,
        0.0,
        0.0,
        0.0
    ],
    "Z_norm_mean": [
        0.020765442585844424,
        0.03976304547752627,
        0.04473137845569856,
        0.04700028218779916,
        0.04988217887230358,
        0.05405069705316049,
        0.060012668047502854,
        0.06645030703712386,
        0.07295516851529994,
        0.0787229946514642,
        0.08307712396756893,
        0.08595086510213298,
        0.08780446905342566,
        0.08871070003691013,
        0.0892703133170772,
        0.08954318899991917,
        0.0899565508661773,
        0.09040029477528644,
        0.09083211711357837,
        0.09173256774131047,
        0.09271273871270246,
        0.09395712392727681,
        0.0951652264798657,
        0.09638089979343417,
        0.0975446505281857,
        0.09855097904663036,
        0.09941771920290393,
        0.099977424172522,
        0.10053963719902098,
        0.10077532079254789
    ],
    "B_norm_mean": [
        0.000562538784754667,
        0.00039226601763875347,
        0.00034742922323772,
        0.0003416083725528965,
        0.00035092011018875104,
        0.00036393932407155407,
        0.0003754312205202293,
        0.00037367697591615673,
        0.0003639117191586127,
        0.00034835273585400887,
        0.00033568051672892314,
        0.0003192981506130325,
        0.00029789774231747554,
        0.0002821965010674526,
        0.00027561951025326537,
        0.0002637906784189653,
        0.0002665958760930118,
        0.000255555186081419,
        0.0002484793507283421,
        0.00024099003149572078,
        0.00024312807461803637,
        0.0002484172614831844,
        0.00024203139494001697,
        0.00024119838020901586,
        0.00024126460669389997,
        0.00023879461861749842,
        0.0002419798166518412,
        0.00023275304042438174,
        0.00023897618229642395,
        0.00023219699915310018
    ],
    "Hv_norm_mean": [
        0.11588582593492536,
        0.2148432222012025,
        0.23988151087156248,
        0.25374424645682053,
        0.2665983872080752,
        0.26652383222218745,
        0.2627757350242231,
        0.2538919144632026,
        0.24762275117815005,
        0.24056004454245852,
        0.23722359521478426,
        0.228535632174386,
        0.22036970240495216,
        0.2106297985466271,
        0.20366528770248996,
        0.19278969437802454,
        0.1827191583206341,
        0.17087538794341514,
        0.1599178286044517,
        0.1521602408442407,
        0.14479938496943084,
        0.14552577300847264,
        0.13807740911559194,
        0.13651193262828668,
        0.13461025390667497,
        0.13235770957181323,
        0.13339460742681655,
        0.13285901520582455,
        0.1330928226806309,
        0.1338290860340403
    ],