{
    "loss": [
        0.3384878362928118,
        0.2446713697569711,
        0.22591218638420105,
        0.20785168315683092,
        0.19771940984044756,
        0.1877278938293457,
        0.1788531052129609,
        0.16783193137922459,
        0.1664481601949249,
        0.1572655804838453,
        0.14987733855843544,
        0.14434655551399503,
        0.1349349365234375,
        0.1341772677898407,
        0.12920732963085174,
        0.1172956477020468,
        0.1141552170770509,
        0.11139777746690172,
        0.10518639997286457,
        0.09803179676511457,
        0.0935392890977008,
        0.09149057428751672,
        0.0832151851441179,
        0.08530957862202611,
        0.07790956555945533,
        0.07981297560674804,
        0.06974030044994184,
        0.07445547542188849,
        0.06188916244251388,
        0.06805076347504344
    ],
    "lambda": [
        0.5289468590872628,
        0.6166614158494131,
        0.6671824772698539,
        0.582041241645813,
        0.4925515224933624,
        0.3886644683224814,
        0.30615701150894165,
        0.2444873196056911,
        0.22225270712375642,
        0.19587128346306937,
        0.1917020799602781,
        0.1700034303494862,
        0.16589723673888615,
        0.1853750343152455,
        0.22360034099646978,
        0.2203416806459427,
        0.22946387219429015,
        0.2706008085182735,
        0.2562571703025273,
        0.37232419334139144,
        0.415392363684518,
        0.37779254477364677,
        0.4755645782606942,
        0.4561956844329834,
        0.47946421241760256,
        0.38112091319901603,
        0.14137142812354225,
        0.32473753754581725,
        0.39160148634229386,
        0.5119553812571934
    ],
    "Z_norm_mean": [
        0.1847345723594938,
        0.3403781611578805,
        0.5467344273839678,
        0.4112138964448656,
        0.32221467181614466,
        0.26102488250391825,
        0.2261112686736243,
        0.20695326011521475,
        0.22693796878201622,
        0.22060470351151057,
        0.24575757707868304,
        0.25370213304247174,
        0.25509850791522437,
        0.28693729608399526,
        0.3285041288307735,
        0.30434363644463674,
        0.33548437285423277,
        0.3792869204112462,
        0.3571378805977958,
        0.42611476520129615,
        0.42497387974602835,
        0.4915229343686785,
        0.4953045084817069,
        0.5940217331477574,
        0.5799831770488194,
        0.6103672221047538,
        0.8274106503214155,
        0.8217560118266515,
        0.5704682764325824,
        1.098400244304112
    ],
    "B_norm_mean": [
        0.02742459649699075,
        0.04366069151248251,
        0.05047913692252977,
        0.047949614575931006,
        0.04672699609824589,
        0.04344773388015372,
        0.044999605923891066,
        0.04367350389136534,
        0.049207616515989816,
        0.048398504383329835,
        0.052654692388006616,
        0.05458951028542859,
        0.0555521577745676,
        0.062086987242102626,
        0.06453944474990879,
        0.061581371958766666,
        0.06787912745560919,
        0.07310527004155197,
        0.0691848229294909,
        0.07651442078394549,
        0.08029699781962804,
        0.08648531307333282,
        0.083213695554861,
        0.1001637728075896,
        0.09324624432304075,
        0.10219576088445527,
        0.08833149628234761,
        0.11285694639491184,
        0.08669932887423784,
        0.10346678877515453
    ],
    "Hv_norm_mean": [
        0.0838046953507832,
        0.15906139435086933,
        0.2694634192330497,
        0.17511508778163365,
        0.1326606755086354,
        0.10813050090415137,
        0.10018555325269698,
        0.09703165504974978,
        0.12011589428356716,
        0.10986730582373483,
        0.13657143540041788,
        0.14773808680261885,
        0.15103938390527452,
        0.18411807594980512,
        0.190249980534826,
        0.17746185408319745,
        0.19702064619745527,
        0.24218119769436972,
        0.22454942427362715,
        0.2651866854599544,
        0.2613620250565665,
        0.34036389103957587,
        0.3236660506384713,
        0.3946303307669503,
        0.39034079585756576,
        0.4208009875161307,
        0.6654290620940072,
        0.6464148750475475,
        0.3940093043020793,
        0.7981539391108922
    ],
    "A_dot_Z_norm_mean": [
        0.17340012402193886,
        0.3261389842714582,
        0.5296558266367231,
        0.39712668078286306,
        0.3093523308209011,
        0.25040938866138457,
        0.21616285829884666,
        0.19745176173959458,
        0.21629250958987645,
        0.21104769905975887,
        0.23477501552445548,
        0.24283670003073557,
        0.24427861220496042,
        0.2736693539619446,
        0.31658773917811256,
        0.2925344922542572,
        0.322822110755103,
        0.36510938269751414,
        0.3438505452701024,
        0.4103723725591387,
        0.4089967326777322,
        0.47528688188961576,
        0.4783911510195051,
        0.5749505252838135,
        0.5636259999956403,
        0.5921567264284406,
        0.8129163552692958,
        0.8040427668435233,
        0.5545146081788199,
        1.0862357135500227
    ],
    "g_lambda": [
        -0.0013883990165112275,
        -0.0013536284222666706,
        0.0007005320585199764,
        0.0014335198801543032,
        0.0017966115018352867,
        0.00139871618091794,
        0.0016840145400326167,
        0.0008388442982520376,
        0.0003628276605159044,
        -4.2713469160454615e-05,
        0.00019895607425964306,
        0.0005954794404762132,
        -0.00031251235253044535,
        -6.0684836070452417e-05,
        -0.0007614091246255807,
        -0.00016608790614243066,
        -0.0006572948671611293,
        0.0009757797345519066,
        -0.0017689904948430403,
        -0.0020572915907417027,
        0.0012070394355271543,
        -0.0011988119844879423,
        -0.0005853738587881837,
        -0.002394819500190871,
        0.0024162539238376276,
        0.0033942866362631323,
        0.0046167117567466835,
        -0.00677340980725629,
        -0.0004671810828149319,
        -0.006081673753846969
    ],
    "grad_norm_mean": [
        0.41562989820752827,
        0.5121199981825693,
        0.5490730109895978,
        0.5466209297180176,
        0.5511499985286168,
        0.5410240701947894,
        0.5626400861740112,
        0.5525491711752756,
        0.6103109702382769,
        0.595355469431196,
        0.6051020640986307,
        0.6071197355815342,
        0.6105983394895281,
        0.6453299202919006,
        0.6350158937999181,
        0.6025140481676374,
        0.6383457535334995,
        0.6316475557088852,
        0.6309680035454887,
        0.595579769883837,
        0.6084700826917376,
        0.6353964228289468,
        0.5852634996686663,
        0.6514792740004404,
        0.6193748744555883,
        0.6474063752038138,
        0.650798944575446,
        0.7062166939462934,
        0.5633116915566581,
        0.6061210287639073
    ],