{
    "loss": [
        0.9556502787720701,
        0.8879217829706055,
        0.8249393231002009,
        0.7652933091710944,
        0.7095607194345412,
        0.6582976432259181,
        0.6122566559502417,
        0.5730675797213687,
        0.5387211605557889,
        0.5087166114053538,
        0.4825948566375414,
        0.4603788896958004,
        0.44046505028502986,
        0.4218534023798048,
        0.4047157029558016,
        0.388553664968043,
        0.37303046572841414,
        0.3583452174577667,
        0.3443650651378699,
        0.3307976492532248,
        0.3182030773012336,
        0.3061800499277579,
        0.29500010736892535,
        0.284678419150697,
        0.27503211474799333,
        0.26636241280674006,
        0.2583636916949764,
        0.2514928433251478,
        0.24500003147204924,
        0.2394900708129049
    ],
    "lambda_0": [
        0.5,
        0.5,
        0.5,
        0.5,
        0.5,
        0.5,
        0.5,
        0.5,
        0.5,
        0.5,
        0.5,
        0.5,
        0.5,
        0.5,
        0.5,
        0.5,
        0.5,
        0.5,
        0.5,
        0.5,
        0.5,
        0.5,
        0.5,
        0.5,
        0.5,
        0.5,
        0.5,
        0.5,
        0.5,
        0.5
    ],
    "lambda_1": [
        0.5,
        0.5,
        0.5,
        0.5,
        0.5,
        0.5,
        0.5,
        0.5,
        0.5,
        0.5,
        0.5,
        0.5,
        0.5,
        0.5,
        0.5,
        0.5,
        0.5,
        0.5,
        0.5,
        0.5,
        0.5,
        0.5,
        0.5,
        0.5,
        0.5,
        0.5,
        0.5,
        0.5,
        0.5,
        0.5
    ],
    "lambda_2": [
        0.5,
        0.5,
        0.5,
        0.5,
        0.5,
        0.5,
        0.5,
        0.5,
        0.5,
        0.5,
        0.5,
        0.5,
        0.5,
        0.5,
        0.5,
        0.5,
        0.5,
        0.5,
        0.5,
        0.5,
        0.5,
        0.5,
        0.5,
        0.5,
        0.5,
        0.5,
        0.5,
        0.5,
        0.5,
        0.5
    ],
    "lambda_3": [
        0.5,
        0.5,
        0.5,
        0.5,
        0.5,
        0.5,
        0.5,
        0.5,
        0.5,
        0.5,
        0.5,
        0.5,
        0.5,
        0.5,
        0.5,
        0.5,
        0.5,
        0.5,
        0.5,
        0.5,
        0.5,
        0.5,
        0.5,
        0.5,
        0.5,
        0.5,
        0.5,
        0.5,
        0.5,
        0.5
    ],
    "lambda_4": [
        0.5,
        0.5,
        0.5,
        0.5,
        0.5,
        0.5,
        0.5,
        0.5,
        0.5,
        0.5,
        0.5,
        0.5,
        0.5,
        0.5,
        0.5,
        0.5,
        0.5,
        0.5,
        0.5,
        0.5,
        0.5,
        0.5,
        0.5,
        0.5,
        0.5,
        0.5,
        0.5,
        0.5,
        0.5,
        0.5
    ],
    "lambda_5": [
        0.5,
        0.5,
        0.5,
        0.5,
        0.5,
        0.5,
        0.5,
        0.5,
        0.5,
        0.5,
        0.5,
        0.5,
        0.5,
        0.5,
        0.5,
        0.5,
        0.5,
        0.5,
        0.5,
        0.5,
        0.5,
        0.5,
        0.5,
        0.5,
        0.5,
        0.5,
        0.5,
        0.5,
        0.5,
        0.5
    ],
    "lambda_6": [
        0.5,
        0.5,
        0.5,
        0.5,
        0.5,
        0.5,
        0.5,
        0.5,
        0.5,
        0.5,
        0.5,
        0.5,
        0.5,
        0.5,
        0.5,
        0.5,
        0.5,
        0.5,
        0.5,
        0.5,
        0.5,
        0.5,
        0.5,
        0.5,
        0.5,
        0.5,
        0.5,
        0.5,
        0.5,
        0.5
    ],
    "lambda_7": [
        0.5,
        0.5,
        0.5,
        0.5,
        0.5,
        0.5,
        0.5,
        0.5,
        0.5,
        0.5,
        0.5,
        0.5,
        0.5,
        0.5,
        0.5,
        0.5,
        0.5,
        0.5,
        0.5,
        0.5,
        0.5,
        0.5,
        0.5,
        0.5,
        0.5,
        0.5,
        0.5,
        0.5,
        0.5,
        0.5
    ],
    "lambda_mean": [
        0.5,
        0.5,
        0.5,
        0.5,
        0.5,
        0.5,
        0.5,
        0.5,
        0.5,
        0.5,
        0.5,
        0.5,
        0.5,
        0.5,
        0.5,
        0.5,
        0.5,
        0.5,
        0.5,
        0.5,
        0.5,
        0.5,
        0.5,
        0.5,
        0.5,
        0.5,
        0.5,
        0.5,
        0.5,
        0.5
    ],
    "Z_norm_mean": [
        0.02503876792072608,
        0.06050876409058849,
        0.08370517457379226,
        0.10054941768655978,
        0.1155312503337019,
        0.1271546310511744,
        0.13569838443277848,
        0.14152290822292765,
        0.1469949222865974,
        0.15373127679266188,
        0.16118323016113567,
        0.16853287310857912,
        0.17554618438136566,
        0.18171633227226508,
        0.1866118550200999,
        0.19032516313604028,
        0.1932133751158107,
        0.19476822303034672,
        0.19535349593855747,
        0.19570042135389684,
        0.19563700034080098,
        0.19564344246193596,
        0.19560214672396717,
        0.19576465696749348,
        0.195987853050409,
        0.19639076660478863,
        0.19708770098537484,
        0.19784597503598897,
        0.1990786961881901,
        0.20019348681172253
    ],
    "B_norm_mean": [
        0.0006432776674635174,
        0.0005644116440407152,
        0.000563156983313333,
        0.0005978463627036621,
        0.0006369980973925758,
        0.0006628197617742388,
        0.000681909208046428,
        0.0006770571479622262,
        0.000659007885969893,
        0.0006328289224318344,
        0.0006084536596110061,
        0.0005743499113228816,
        0.0005353559442300238,
        0.0005050757861839012,
        0.0004850387372400901,
        0.00046301568250354787,
        0.000451988964275873,
        0.0004285323625989673,
        0.0004064528139880791,
        0.000390308255800404,
        0.00038314558317655863,
        0.0003858344984575248,
        0.0003705676313042862,
        0.0003656344999228263,
        0.00036162356967507625,
        0.0003547580905187414,
        0.00035851184615738775,
        0.0003456190055157717,
        0.0003512951217007654,
        0.00034614170284298895
    ],
    "Hv_norm_mean": [
        0.07677089026480681,
        0.1814617271256013,
        0.2550251904447593,
        0.3185823648515086,
        0.3904332150502848,
        0.45655375756696837,
        0.5094547873750921,
        0.5292636544740735,
        0.5220917886267619,
        0.49538957301321146,
        0.4657405112983124,
        0.4286419451126059,
        0.3981095462141097,
        0.37466469901758104,
        0.36004271598673204,
        0.349771385869261,
        0.3415526597419283,
        0.3316727517220419,
        0.31921111948641534,
        0.3082580618419215,
        0.2930069742174428,
        0.28598554737276627,
        0.2691277426235569,
        0.26223695570325656,
        0.245778308984209,
        0.23615630947653796,
        0.22695168140117802,
        0.2219180583267729,
        0.2129150671981942,
        0.21062230985269997
    ],