{
    "mse": 2.4855356216430664,
    "rmse": 1.5765581130981445,
    "mae": 1.2252435684204102,
    "pairwise_pearson_correlation": 0.977852690146869,
    "mean_variance_around_ensemble": 0.014097813498057027,
    "time_in_seconds": 23.79477338003926,
    "params": {
        "lambda_init": 0.5,
        "lambda_lr": 0.0
    }
}