{
    "loss": [
        1.0213727485792978,
        0.802520055259977,
        0.6680379460198539,
        0.5428131054810116,
        0.42406294693265645,
        0.36108226261820114,
        0.33356432901109967,
        0.3213266351222992,
        0.3127184475149427,
        0.30753217004026684,
        0.3052083657298769,
        0.30266107562610084,
        0.30031052941935404,
        0.29834082647732324,
        0.2964890858530998,
        0.2953524880749839,
        0.2938437762260437,
        0.2923710059608732,
        0.29021940326690676,
        0.28941722694465094,
        0.28898856336729867,
        0.2880673824548721,
        0.28659930472288814,
        0.28457086752142224,
        0.28524419420106073,
        0.2838344034126827,
        0.2835144600868225,
        0.28229129546029225,
        0.28070647755690986,
        0.2804324723652431
    ],
    "lambda": [
        0.9593717204502651,
        1.9124072723388672,
        0.06820351231098175,
        0.0,
        0.0,
        3.08997498026916e-05,
        0.00022230541706085206,
        0.00017360715275364263,
        6.48854695859232e-05,
        0.00013988646252879075,
        0.00018619916747723307,
        0.00032103691050516705,
        0.00029577378117080246,
        0.0002968006513214537,
        0.00025588706904090944,
        0.00019307709432074002,
        0.00015565477654204838,
        0.00014533574799341814,
        0.00020240869313212378,
        0.000206655134513442,
        0.00025749892581786426,
        0.00038981450418941677,
        0.0003880562532826194,
        0.00045938005205243827,
        0.0005660506580690188,
        0.0004461327507160604,
        0.00040652492828667166,
        0.0005239258223612394,
        0.000855022274955575,
        0.0005890230091754348
    ],
    "Z_norm_mean": [
        0.0638464567639998,
        1.2752953883579798,
        1.5988273950304304,
        1.000115668296814,
        0.8263235534940447,
        0.6894130436352321,
        0.5904308278220041,
        0.5145525623049055,
        0.4530267869063786,
        0.39916008520126345,
        0.3531581083025251,
        0.3128056391647884,
        0.27781712879453385,
        0.24744967113222394,
        0.22095645024095262,
        0.19791237875393458,
        0.17859581087316787,
        0.1617887889317104,
        0.1476022448880332,
        0.13483664384910038,
        0.1248496538230351,
        0.11574203021185739,
        0.10877564991371973,
        0.10185610241549356,
        0.09691568505764007,
        0.09220432093313762,
        0.0884158723780087,
        0.08614883186135973,
        0.08346655631065368,
        0.08074236923456192
    ],
    "B_norm_mean": [
        0.00138817925964083,
        0.012956837494458471,
        0.010053078872284718,
        0.002913901536060231,
        0.002204748877590256,
        0.0023578661251813173,
        0.0026038959510624408,
        0.0027345087214240005,
        0.002627935569201197,
        0.0026421720843229973,
        0.002519307153432497,
        0.0024341787371252263,
        0.002350061326420733,
        0.002244505695998669,
        0.0022166302729664106,
        0.0022486015132495334,
        0.0021399498153477905,
        0.0021378605027816125,
        0.0021079361478665046,
        0.002045401244158191,
        0.002075592668194856,
        0.0020732594938682658,
        0.002041002269634711,
        0.002021371032510485,
        0.0020472089600350176,
        0.002024569195296083,
        0.0020899348788495573,
        0.00203878799656273,
        0.002048904742247292,
        0.0020281030384025405
    ],
    "Hv_norm_mean": [
        0.032681872683976376,
        4.770526500838144,
        2.597327832494463,
        0.5972489053181239,
        0.3322296738965171,
        0.24260360605376108,
        0.19673239271981374,
        0.17366246366500854,
        0.14560031924928937,
        0.13419258170468468,
        0.11998328930991037,
        0.10680802592209407,
        0.09639608117512294,
        0.08926691406113761,
        0.08042822355031967,
        0.07521582325867245,
        0.07143329066038132,
        0.06487228150027138,
        0.061119648933410646,
        0.057593767940998075,
        0.056800519921949934,
        0.05311946516377585,
        0.05109891095331737,
        0.05052448302081653,
        0.04941577767474311,
        0.04800188476698739,
        0.04883250766141074,
        0.047375147917440956,
        0.04461975462947573,
        0.04558482961995261
    ],
    "A_dot_Z_norm_mean": [
        0.06256028090523821,
        1.2633738295691355,
        1.5911445010049003,
        0.9993328533853804,
        0.8261166003090995,
        0.6892512048312596,
        0.5902473583902631,
        0.5143580577714103,
        0.45283333591052466,
        0.3989681439059121,
        0.35297441373552596,
        0.31262884780338834,
        0.27764675855636595,
        0.24728444012573786,
        0.22079577129227773,
        0.19774735229355947,
        0.17843423778670175,
        0.16162702994687217,
        0.14744155158315386,
        0.1346781859397888,
        0.12468712233645575,
        0.11557991179398128,
        0.10861499178409577,
        0.10169459540503366,
        0.09675259372166226,
        0.09203972500562668,
        0.08824741744995117,
        0.08598035366194588,
        0.08330057888371604,
        0.08057489262308393
    ],
    "g_lambda": [
        -0.004735275147790422,
        0.10453305671044759,
        0.05542604806593486,
        0.12035023234571729,
        0.07598518803289958,
        0.029729869639234883,
        0.01109429159121854,
        0.004933269807536687,
        0.0025383820892311633,
        0.0015076657936775259,
        0.001027030512424452,
        0.0006364845469860094,
        0.000406258583601032,
        0.00043196809498061026,
        0.00029942790540267845,
        0.00038859038959656445,
        0.00030250107071229387,
        0.00020343940472230314,
        0.000165956207418016,
        0.00018229069028581892,
        0.00014174684775727136,
        5.488681167896305e-05,
        7.968424353748559e-05,
        6.778827921620437e-05,
        8.136063707726343e-05,
        0.00012566882970609835,
        0.00011781762992697103,
        7.083956271942172e-05,
        6.699013390711376e-06,
        2.251315163448453e-05
    ],
    "grad_norm_mean": [
        0.4532211078235081,
        1.8076282493046352,
        0.8998729873384749,
        0.653722145829882,
        0.7004972554615566,
        0.7175280884334019,
        0.7973122599465506,
        0.8560809565952846,
        0.7991131193978446,
        0.8461979606492179,
        0.8609613221032278,
        0.889549610546657,
        0.8807472343444824,
        0.9024049900599889,
        0.8771636152267456,
        0.9024306196485247,
        0.9588960312434606,
        0.882417158808027,
        0.9050925090653555,
        0.9389180814879281,
        0.9499595618929182,
        0.9539609231948852,
        0.9325962668487003,
        0.9199013554709299,
        0.9225301406042916,
        0.9565891066959926,
        0.9614811409541538,
        0.9583862057413374,
        0.8890115545817784,
        0.9952886110033308
    ],