{
    "loss": [
        0.8977959503084587,
        0.7379817518433629,
        0.580401494916469,
        0.4954928232587229,
        0.4399880102624293,
        0.39440381582279965,
        0.35704398110669383,
        0.3623189317983099,
        0.3547193093278618,
        0.3064136250152758,
        0.27441095522609377,
        0.25307299728469695,
        0.23837873220687192,
        0.2279946254479854,
        0.22067037868845032,
        0.21717776708938444,
        0.21467539207713116,
        0.2130440354480028,
        0.21206575912080022,
        0.21077533998632803,
        0.21097869678330253,
        0.21062235790382652,
        0.21011400174085332,
        0.21028139286996528,
        0.2094990383159968,
        0.20966040597301056,
        0.20960929925628546,
        0.2096428642740402,
        0.20902752860788515,
        0.20885977328841765
    ],
    "lambda": [
        0.5420397968483467,
        0.8082787611650084,
        1.1574959521660166,
        1.113889423082453,
        1.055438034205998,
        1.0440519658929568,
        1.016212280558867,
        0.5647579484653438,
        0.00017627477064878136,
        0.00011663258342349723,
        0.00013128072358847682,
        0.00041829152342251605,
        0.0008967966737859906,
        0.0014678924727271599,
        0.0017381178012532395,
        0.0017972535070642618,
        0.001930460951618613,
        0.004479810009329039,
        0.009474698169176968,
        0.011845808300181719,
        0.015524385490057373,
        0.020889616832469104,
        0.029736616933352434,
        0.03718375694732926,
        0.044676684830828844,
        0.05130542086965083,
        0.05386021008560793,
        0.05463634980126601,
        0.05652786545231357,
        0.06049663453431011
    ],
    "Z_norm_mean": [
        0.056285639591943895,
        0.13907790927142402,
        0.8094308162505769,
        2.11376258222932,
        4.138496920383424,
        6.497915493171542,
        8.718785335882153,
        7.223501427749962,
        3.407471671407213,
        3.0631249118285067,
        2.923079958291378,
        2.8213950005597535,
        2.723839597103545,
        2.634115755978544,
        2.5477724101877195,
        2.4658238498242957,
        2.3882541531663026,
        2.3131919292282803,
        2.2408409690573627,
        2.171450235035355,
        2.1035931322860577,
        2.039244724214188,
        1.9761926627185677,
        1.9164475230448228,
        1.8584222556311447,
        1.80244985996371,
        1.74839422696592,
        1.694845251332328,
        1.6449683139282578,
        1.5959002415663772
    ],
    "B_norm_mean": [
        0.0016470819229164638,
        0.0019033764364668872,
        0.008588038393214339,
        0.015929770489239554,
        0.0239261929575192,
        0.031128076750009066,
        0.03815759908832607,
        0.021276643408086833,
        0.001961779374161696,
        0.0010712193681800034,
        0.0008316591520013195,
        0.0007316546766741033,
        0.0006917160438135754,
        0.000662551461288417,
        0.0006206799438370221,
        0.0005830024419465845,
        0.0006037635297379278,
        0.0005829624799341296,
        0.0005562171858562122,
        0.0005297610982166616,
        0.0005272907323200177,
        0.0005139066627462846,
        0.0005039192287735863,
        0.0004951058733223419,
        0.00048388302125793395,
        0.000491898904044964,
        0.0004851293656170974,
        0.0004617214487586136,
        0.0004774467393045576,
        0.00046318760843767003
    ],
    "Hv_norm_mean": [
        0.15906689088339263,
        0.21444849617367023,
        13.760771213611882,
        36.71486149832877,
        66.58632814596454,
        131.805011804512,
        186.24522805311315,
        111.69381392918419,
        7.230459581552895,
        2.534502560083989,
        1.5623146062263804,
        1.349042548595022,
        1.3345838944973045,
        1.2374682695592065,
        1.15250620370986,
        1.0349751197402024,
        0.9528826480898058,
        0.9445996953792126,
        0.8661743301996457,
        0.8962952714403721,
        0.7866636241097633,
        0.8273982171272196,
        0.7237451658610115,
        0.7398152349387409,
        0.6759550553292446,
        0.6764714848893396,
        0.636514701278423,
        0.6436364095183584,
        0.5689178610042794,
        0.5911844095863289
    ],
    "A_dot_Z_norm_mean": [
        0.05468570566198395,
        0.1373788538505453,
        0.8011669675700955,
        2.098357852754476,
        4.115397243662656,
        6.46809675823655,
        8.683455892889375,
        7.206204350269996,
        3.40698592697339,
        3.0629947071309167,
        2.9230177780530995,
        2.821354559350536,
        2.723807644144647,
        2.6340888147676385,
        2.5477491949643074,
        2.465803229051853,
        2.388235706048874,
        2.3131750803918054,
        2.240825314438569,
        2.1714351942138164,
        2.1035792539874905,
        2.039231539569377,
        1.9761801790314628,
        1.9164355219052354,
        1.858410600831506,
        1.8024388513642973,
        1.748383238994628,
        1.694834739534199,
        1.6449578674672662,
        1.5958898652675557
    ],
    "g_lambda": [
        -0.014737902072386597,
        -0.05180622294449724,
        0.012165567698285697,
        -0.05459840382690373,
        0.05336720054582553,
        0.053586770423141236,
        0.06085203501136162,
        0.08379801702220512,
        0.40136309244731877,
        0.18520050076162597,
        0.07842740891283434,
        0.03802622228479058,
        0.021080853704252788,
        0.010344322077097214,
        0.0043773793170489355,
        0.003445206927443376,
        0.0007496614276588076,
        -0.0006774837334287231,
        -0.0006511207554811689,
        -0.000161274071458438,
        -0.0005623720296839445,
        -0.0003804825012682084,
        -0.0013649999249638002,
        -0.0007991596198382428,
        -0.0010039666786027682,
        -0.00036737398012560947,
        -0.0001628607656077696,
        -0.000315423488476536,
        -0.00030235128132768204,
        -0.000539945552659482
    ],
    "grad_norm_mean": [
        1.0700757322017473,
        0.9955110815524878,
        1.9891638737206472,
        2.7599164421479587,
        3.125137315644591,
        4.291133605012918,
        5.159000502348035,
        3.626018094255098,
        1.0540357760412737,
        0.9113332041567955,
        0.8485998176439429,
        0.8494405139125593,
        0.9260526226658472,
        0.9180562489988013,
        0.9454036342402705,
        0.8720956540134287,
        0.8461620786399855,
        0.9045852510804276,
        0.9097478573002693,
        0.9651404079610072,
        0.9082077479566113,
        0.9827540401539482,
        0.8573350977198235,
        0.966080471790284,
        0.8813587675473524,
        0.9389860892092212,
        0.8761833919453612,
        0.9954335622259821,
        0.8534363737081534,
        0.9056720668571039
    ],
    "val_loss": [
        0.8520002693324894,
        0.6861584196617077,
        0.5432176565969146,
        0.44734698560137254,
        0.3954689040199503,
        0.34475525584065825,
        0.32299485750736023,
        0.3698845320707792,
        0.3108117164922999,
        0.26679295731297176,
        0.23967786529161908,
        0.2211223182842958,
        0.208224666548801,
        0.201242868895582,
        0.1962590186403877,
        0.19577164138491907,
        0.19367157117117426,
        0.1928526102078401,
        0.19189422047665258,
        0.19195656765750518,
        0.19186630902771065,
        0.19473777074614756,
        0.19147810366833598,
        0.19110778068648138,
        0.19403736885374734,
        0.19188592069473892,
        0.19136286885621231,
        0.1929500302382255,
        0.19153239745964212,
        0.19136494041432614
    ],