{
    "train_loss": [
        0.9200295172873817,
        0.7475280990669443,
        0.5934656105747291,
        0.47980779732177403,
        0.4010714573335131,
        0.33985629356079583,
        0.29149819001394056,
        0.25665175512379257,
        0.2364514000364159,
        0.22470802183831212,
        0.21989188835508988,
        0.21735588127094915,
        0.2155516950016848,
        0.21470709445244138,
        0.21413576749257662,
        0.21421127793806125
    ],
    "val_loss": [
        0.9001285665995115,
        0.7094236875509287,
        0.544844742332186,
        0.43059322315377074,
        0.35308208790692414,
        0.29398958075356174,
        0.2528174761440847,
        0.22606090911023027,
        0.21241494606841693,
        0.20527440096650804,
        0.20169454774299225,
        0.20275827777850164,
        0.20183855817689525,
        0.20185523954304782,
        0.20185631939343043,
        0.20213560663260421
    ]
}