{
    "loss": [
        0.35120725970608846,
        0.2604878804683685,
        0.24125552838189263,
        0.2214221089737756,
        0.21232318558011737,
        0.20280171273435865,
        0.19392238540734563,
        0.18218290675537926,
        0.17816265441903045,
        0.16719746105585778,
        0.15972629496455193,
        0.15454883639301573,
        0.14437426217964716,
        0.14136625920023238,
        0.13814863496167318,
        0.12666665177685874,
        0.12396321363108499,
        0.12059347141959838,
        0.11696944386618478,
        0.10812188325290169,
        0.10470983100363186,
        0.10545938484796456,
        0.09743713702048575,
        0.09783264726400376,
        0.09078972495027951,
        0.09097976963009154,
        0.08024440366987672,
        0.08459184774437122,
        0.07530534144650612,
        0.08259340709873608,
        0.07205358049273491,
        0.07023608534197723,
        0.06566462593206338,
        0.07030881235003471,
        0.0618364279749138,
        0.05728852782664554,
        0.05804194825142622,
        0.05646617254401956,
        0.05353751839644143,
        0.05040896340566022,
        0.04656693738805396,
        0.04370200859223093,
        0.04038579750273909,
        0.04006857375720782,
        0.04121191581019334,
        0.03812370972761086,
        0.03562135849281081,
        0.03314674898742565,
        0.0278143326235669,
        0.026474135641274706
    ],
    "lambda": [
        1.0007312195641653,
        0.9786817153521946,
        0.8751021612712315,
        0.8180779070172991,
        0.7802655888966151,
        0.7507578426088606,
        0.7235305786132813,
        0.6924520842688424,
        0.6674553008760725,
        0.647225388458797,
        0.6277295278140477,
        0.6099232422283718,
        0.5939238055774144,
        0.5844267133304051,
        0.5772213738305229,
        0.5617477117947169,
        0.5478855616705758,
        0.5434120938437326,
        0.5384884924207415,
        0.534994075025831,
        0.5348710556711469,
        0.5262420660427638,
        0.5384583624431065,
        0.5489063808577401,
        0.5645056883266993,
        0.5669063468660627,
        0.5665743548529488,
        0.5523123604910715,
        0.5798909929139273,
        0.5875243342944554,
        0.5819260166031973,
        0.5624457206726075,
        0.5314949499538967,
        0.5129782086099897,
        0.5230813555036272,
        0.524551244190761,
        0.5122261615480695,
        0.492372843674251,
        0.4741512043135507,
        0.4522134613309588,
        0.4700555891309466,
        0.4401422692026411,
        0.4033245070661817,
        0.4125861987045833,
        0.4602911174978529,
        0.4622171993596213,
        0.4593020037582942,
        0.4571837079184396,
        0.4592774166379656,
        0.42069798915726797
    ],
    "Z_norm_mean": [
        0.09775007899318422,
        0.2610906970841544,
        0.259831382887704,
        0.20210974877221244,
        0.1887657026733671,
        0.17802232568604606,
        0.17369561747142248,
        0.16234079762016024,
        0.15869683308260782,
        0.14642011036191668,
        0.15155157675061906,
        0.15050718087809425,
        0.14666507012503488,
        0.1506939468724387,
        0.1560905453477587,
        0.1592076919930322,
        0.16737232552255904,
        0.1644859913246972,
        0.1652776689018522,
        0.16510265260083334,
        0.16976728929792131,
        0.18881376259667532,
        0.16952837518283298,
        0.19528561959947857,
        0.18404176565579006,
        0.18159322806767056,
        0.17131338620185851,
        0.20326734607560293,
        0.18676944262640816,
        0.2186702744620187,
        0.19022398265770504,
        0.19522551032475063,
        0.18587717042650495,
        0.2115190578358514,
        0.18948205423355102,
        0.17500505670479366,
        0.20244350344794138,
        0.2015255171912057,
        0.1906489658696311,
        0.1883506656544549,
        0.19050962812559946,
        0.1784806022984641,
        0.18130639743804933,
        0.19490379704747882,
        0.2255058559860502,
        0.17624030596869333,
        0.19035568138531275,
        0.17362038224084037,
        0.14868066583360945,
        0.15003707487242562
    ],
    "B_norm_mean": [
        0.030888314004455294,
        0.08553452685901097,
        0.09464793225697109,
        0.08355521873916899,
        0.0780217762206282,
        0.07600184910425117,
        0.07591862045015607,
        0.07067733117565513,
        0.07175224426654833,
        0.06804078790439026,
        0.07098113131097385,
        0.07088032955357007,
        0.07322083994320461,
        0.07564526439990316,
        0.07479807564616203,
        0.07906056356004307,
        0.08257668259739875,
        0.08290983167716436,
        0.08077534187957644,
        0.08036535233259201,
        0.08210598952429635,
        0.0909267890763336,
        0.08404540822335652,
        0.09308172142575495,
        0.09038986599445344,
        0.08879520321318081,
        0.07836854951416275,
        0.09922129985397415,
        0.08612483372911811,
        0.0933130105547607,
        0.08715664239227772,
        0.09060483960780714,
        0.08442628329273845,
        0.09663636626303196,
        0.08560646437161736,
        0.07967648144917829,
        0.0858508098934378,
        0.08505135295699749,
        0.07836369796922164,
        0.07827414398267865,
        0.08130365772651775,
        0.0733194476845009,
        0.07124228649919054,
        0.07269179462069379,
        0.08245519232749939,
        0.07233538845128247,
        0.07401963576142277,
        0.065100415462628,
        0.05711498036993934,
        0.05414478222260784
    ],
    "Hv_norm_mean": [
        0.1239571966103145,
        0.35161408158711027,
        0.35427134147712164,
        0.27767014271872387,
        0.2608668258190155,
        0.24537375971249173,
        0.2446685357775007,
        0.22418197102206094,
        0.22960096842902047,
        0.2077774204186031,
        0.22515769680908748,
        0.2237617816243853,
        0.22118772186551774,
        0.24298482963017054,
        0.2502103464177677,
        0.25308419615881783,
        0.27152271590914046,
        0.2686088136264256,
        0.2693781885760171,
        0.2680889290060316,
        0.28518223629678996,
        0.32919123653003146,
        0.2744938220296587,
        0.35045221952029637,
        0.31414541203635077,
        0.3103382840156555,
        0.2866005267586027,
        0.35151378890446255,
        0.329530536038535,
        0.4000427023172379,
        0.3366580444744655,
        0.35776608954157146,
        0.33675421564919605,
        0.3861401929174151,
        0.3393142694745745,
        0.3149391874415534,
        0.39015316929136,
        0.37478229345594133,
        0.3747245622703007,
        0.3497557466370719,
        0.3500253096308027,
        0.32821991232463293,
        0.34406815270015173,
        0.40811032135146,
        0.4651729599748339,
        0.3251036878994533,
        0.3814525179011481,
        0.33366686739240375,
        0.27429112025669644,
        0.30404909222466603
    ],