{
    "loss": [
        1.0229598147528511,
        0.8345029080935887,
        0.5706381054946355,
        0.5020405457019806,
        0.45869395763533455,
        0.3863886569908687,
        0.34516370190892903,
        0.3272121767316546,
        0.3164335093157632,
        0.3102722565957478,
        0.30746271433149064,
        0.30468067819731576,
        0.30205599336964745,
        0.29996953071866717,
        0.29804476831640514,
        0.29690929416247774,
        0.2954253732476916,
        0.29394672446591513,
        0.2918064876965114,
        0.2910780748469489,
        0.2906544518811362,
        0.2897483486958912,
        0.2882578267497676,
        0.2861781382049833,
        0.2868174926212856,
        0.28538514484677996,
        0.2850465759209224,
        0.28378674976314816,
        0.28216178381443024,
        0.2818952749286379
    ],
    "lambda": [
        0.5424157118116106,
        1.2762690522330147,
        1.4608725087983268,
        0.7935230338914053,
        0.024787663800375802,
        0.0,
        0.00037565493690116066,
        0.000789411263274295,
        0.0006395280898681708,
        0.00018769523953752858,
        6.0708106462178485e-05,
        9.456875401415995e-05,
        7.221859547176531e-05,
        0.00011517040883856161,
        0.0001098953609221748,
        0.00014212228251355035,
        0.0002095097860853587,
        0.00013628719547497374,
        0.00022021984601659433,
        0.000293361141346395,
        0.000302228994534484,
        0.0004441021370834538,
        0.00046237365169716734,
        0.0004442788500870977,
        0.0005442638165716614,
        0.0005670156610597457,
        0.0005894356473748173,
        0.0005636662683183594,
        0.0009592067727020809,
        0.0005457328017135816
    ],
    "Z_norm_mean": [
        0.04753866330427783,
        0.24749853576932634,
        2.9194281583513533,
        4.54492573928833,
        2.7829602982657295,
        1.8664526435307094,
        1.4235564771379743,
        1.1521425203595843,
        0.9684848516327994,
        0.8275059116227286,
        0.7123495979309082,
        0.6154142088208879,
        0.5333203032357352,
        0.4635066639014653,
        0.40362110808917456,
        0.3526217838355473,
        0.30924382833072117,
        0.2720559524808611,
        0.24054848739079066,
        0.21318296444416046,
        0.19066217715399605,
        0.17097633578096116,
        0.1546066791500364,
        0.14032119928087508,
        0.12903988780294146,
        0.11880111432926996,
        0.11076840775353568,
        0.104763274874006,
        0.09926992615631648,
        0.09396733498573304
    ],
    "B_norm_mean": [
        0.0011216711691979851,
        0.0032123884563999517,
        0.023774818603481566,
        0.01959092010344778,
        0.005729998454717653,
        0.0026651480163314514,
        0.0027937087012188774,
        0.0029627356135419436,
        0.0029032953080854245,
        0.0029002210630902224,
        0.0027275402527302504,
        0.002613612506006445,
        0.0025061124933085273,
        0.0023765591122210028,
        0.002332564541936985,
        0.002336310889571905,
        0.002255388008231031,
        0.002228758778156979,
        0.0021850046278642757,
        0.0021065733954310417,
        0.0021415406774197305,
        0.002135855589860252,
        0.002105023911954569,
        0.002082414498020496,
        0.0021144659074821643,
        0.0020947371987359866,
        0.0021657988774989334,
        0.0021353194725566675,
        0.0021300320848822592,
        0.0021149257235229015
    ],
    "Hv_norm_mean": [
        0.026132935355284385,
        0.2650070282050542,
        5.442096012115479,
        5.634561904907226,
        3.222721886907305,
        0.8774333656855992,
        0.5834023707934788,
        0.4295485006741115,
        0.3144093065602439,
        0.26679802557400295,
        0.22618476172855922,
        0.19511864256858827,
        0.16859220027923583,
        0.1494334795475006,
        0.1284781440581594,
        0.11587219381332398,
        0.10662680777481624,
        0.09190730540241514,
        0.08384864267281124,
        0.07655892734868186,
        0.07354393855163029,
        0.06758416208199092,
        0.06163967526384762,
        0.060891815555947165,
        0.05705339722122465,
        0.055214915667261395,
        0.05446952652931213,
        0.0525196672635419,
        0.04898589988691466,
        0.05043060685055596
    ],
    "A_dot_Z_norm_mean": [
        0.046510219733629905,
        0.24459101493018015,
        2.898106757572719,
        4.528422758374895,
        2.7802421166556224,
        1.866294361931937,
        1.423442767551967,
        1.1520085849761963,
        0.9683400385720389,
        0.8273593892369951,
        0.7122065508025033,
        0.6152768774032593,
        0.5331922344480242,
        0.46338162302970887,
        0.40349694524492535,
        0.35249638084002904,
        0.30911857761655537,
        0.2719296281678336,
        0.24042054104804994,
        0.21305459032739912,
        0.1905260157074247,
        0.17083849559511458,
        0.15446772623062133,
        0.14017703943593163,
        0.12889129489660264,
        0.1186476543205125,
        0.11060958766085761,
        0.10459950182267598,
        0.09910721536193576,
        0.09380040215594428
    ],
    "g_lambda": [
        -0.003075985229195794,
        -0.03438589597174099,
        0.07284010699817113,
        0.03960622254439763,
        0.2802572910104479,
        0.19689964751686367,
        0.07166795150509903,
        0.027680429236165115,
        0.013006250437881265,
        0.009068976074989353,
        0.0071571964840404685,
        0.005270670693633812,
        0.0038707907982170582,
        0.0026888521329632826,
        0.0023027900446738517,
        0.0017056101068322147,
        0.0012551066851509468,
        0.0011200856302997896,
        0.0008722957928798029,
        0.0006257139803575618,
        0.0004880976118147373,
        0.00028674371048275916,
        0.00027659080150936333,
        0.00019640214727925404,
        0.0001780210206551211,
        0.00020110326686075756,
        0.00017766263908041376,
        0.00015965089088838016,
        2.6310757866927557e-05,
        6.171960929142577e-05
    ],
    "grad_norm_mean": [
        0.4471178710120065,
        0.5882022647857666,
        1.6140962006705148,
        0.8852752307483128,
        0.7726420955657959,
        0.7077331559317452,
        0.7860757149287633,
        0.8476986250196185,
        0.7953837657655989,
        0.8452251774924142,
        0.8613453951563154,
        0.891332050868443,
        0.882086320740836,
        0.9038916719981602,
        0.8796758847236633,
        0.9056005916595459,
        0.9640746534211295,
        0.8879383163452148,
        0.9108053934233529,
        0.9450376984732491,
        0.9568760833740234,
        0.9620504459653582,
        0.9396423772403172,
        0.9268046519415719,
        0.9298418299811227,
        0.9642170767102922,
        0.9684724013464792,
        0.9638456991740636,
        0.8946150588989258,
        1.0034267567225865
    ],