{
    "loss": [
        0.955645678767563,
        0.8878521023188831,
        0.8246669126539659,
        0.7645840364907074,
        0.7081723216626443,
        0.6559515902201924,
        0.6086948779748799,
        0.5680460964398361,
        0.5321847557180485,
        0.5004965448707087,
        0.4742072324824962,
        0.4507232773848462,
        0.4289145934683569,
        0.410381172077832,
        0.38991625957271225,
        0.37736695615323645,
        0.3578047872342189,
        0.3432254157088921,
        0.3221220903837278,
        0.31147605454085087,
        NaN,
        NaN,
        NaN,
        NaN,
        NaN,
        NaN,
        NaN,
        NaN,
        NaN,
        NaN
    ],
    "lambda_0": [
        0.5026182713359871,
        0.5176301127776222,
        0.544557887251564,
        0.5786917586774575,
        0.6179089563467491,
        0.6571736302775961,
        0.6923357338830967,
        0.7231659850266801,
        0.7497121839774749,
        0.7728353585623208,
        0.7983387262237767,
        0.8300519528948503,
        0.854942778694643,
        0.867910871840391,
        0.8695609349988448,
        0.8414604075991704,
        0.818148731964032,
        0.7994637963411492,
        0.7857111673172725,
        0.7791603755826982,
        NaN,
        NaN,
        NaN,
        NaN,
        NaN,
        NaN,
        NaN,
        NaN,
        NaN,
        NaN
    ],
    "lambda_1": [
        0.4989140800968493,
        0.49384650880193515,
        0.48866997882198143,
        0.48982325375544905,
        0.502009798194058,
        0.5273470707068955,
        0.5648772549195401,
        0.612740305224361,
        0.6684108546043124,
        0.7308327714129979,
        0.8030635603201066,
        0.8907606408935119,
        0.9902260755456782,
        1.1081685242580297,
        1.247650537489074,
        1.1494450292930787,
        1.2329523122934793,
        0.8335121257173231,
        0.7328733511454458,
        0.7770481762990515,
        NaN,
        NaN,
        NaN,
        NaN,
        NaN,
        NaN,
        NaN,
        NaN,
        NaN,
        NaN
    ],
    "lambda_2": [
        0.4999750541392375,
        0.5003274772585965,
        0.5027649152956175,
        0.5093002396138061,
        0.5221209684756889,
        0.5433046856733932,
        0.5736779506393317,
        0.6136155905132173,
        0.6629006362430588,
        0.7214919688353696,
        0.7937931199964431,
        0.8882063709799791,
        1.0041531976872644,
        1.1574302735578337,
        1.3952556077406126,
        0.9710607683176097,
        1.0251624188899462,
        1.083250026476237,
        1.1366061206382754,
        1.0517808780146052,
        NaN,
        NaN,
        NaN,
        NaN,
        NaN,
        NaN,
        NaN,
        NaN,
        NaN,
        NaN
    ],
    "lambda_3": [
        0.502544782682285,
        0.5170186551981507,
        0.545746240105011,
        0.5892268465524086,
        0.6449175437630839,
        0.7124806020811416,
        0.7936755153179346,
        0.88809350539086,
        0.9986475195266746,
        1.1283906540196047,
        1.2363529010107648,
        1.1516440974882531,
        1.044106304225008,
        1.0683237915803985,
        1.1201755151932806,
        1.035002977087557,
        1.054775319531466,
        1.0359588804195858,
        1.0702045726103275,
        1.0691321865803152,
        NaN,
        NaN,
        NaN,
        NaN,
        NaN,
        NaN,
        NaN,
        NaN,
        NaN,
        NaN
    ],
    "lambda_4": [
        0.5013867200549721,
        0.5098352928034134,
        0.5245859349389259,
        0.5416083904477773,
        0.5593213162544355,
        0.5743257197535175,
        0.583037831218456,
        0.5852729727068312,
        0.5814377453705214,
        0.5736056027295552,
        0.5666149598357848,
        0.5649954538295758,
        0.5609265052603826,
        0.5498866820662959,
        0.5368483909168874,
        0.5355450320854711,
        0.5295532611812573,
        0.526510552097509,
        0.5224657629973111,
        0.5187562790627025,
        NaN,
        NaN,
        NaN,
        NaN,
        NaN,
        NaN,
        NaN,
        NaN,
        NaN,
        NaN
    ],
    "lambda_5": [
        0.5015947073532045,
        0.510025828888635,
        0.5229933091667209,
        0.5368833732879432,
        0.5504623398522307,
        0.5619378107611327,
        0.5700756567940144,
        0.5756369882297481,
        0.58005264238757,
        0.5849832865415432,
        0.5927163199160208,
        0.6063898044184951,
        0.6237655990946218,
        0.6414625627641292,
        0.6594029768355221,
        0.6798298533769332,
        0.7013517008852967,
        0.7287378603979154,
        0.7594513112932963,
        0.7924847971582961,
        NaN,
        NaN,
        NaN,
        NaN,
        NaN,
        NaN,
        NaN,
        NaN,
        NaN,
        NaN
    ],
    "lambda_6": [
        0.49927612486223816,
        0.4955017171935702,
        0.4892016320125879,
        0.4806705446788648,
        0.4697008627389737,
        0.4576986967919708,
        0.44497408756880436,
        0.43111994822716737,
        0.4165198184989705,
        0.40122566754783434,
        0.38660521296776673,
        0.37490164022927297,
        0.3647327388125284,
        0.35302316054640936,
        0.34082528476240553,
        0.3345101904545935,
        0.32741292007474976,
        0.323078026779956,
        0.3183334584666414,
        0.3141977198717986,
        NaN,
        NaN,
        NaN,
        NaN,
        NaN,
        NaN,
        NaN,
        NaN,
        NaN,
        NaN
    ],
    "lambda_7": [
        0.49941155657509734,
        0.4982194084573137,
        0.5009231720765727,
        0.511386082754939,
        0.5316303238034735,
        0.5627151112152748,
        0.6048342844521827,
        0.6542356926359919,
        0.7069107763305987,
        0.7577762697383102,
        0.7974537152850933,
        0.8209839861188464,
        0.844978359167876,
        0.8748968387464586,
        0.9063590464209519,
        0.9484636539692246,
        0.986801368394307,
        1.0308282434209943,
        1.0794915502238707,
        1.1329478788588332,
        NaN,
        NaN,
        NaN,
        NaN,
        NaN,
        NaN,
        NaN,
        NaN,
        NaN,
        NaN
    ],
    "lambda_mean": [
        0.5007151626230304,
        0.5053006229770701,
        0.514930383184343,
        0.5296988093937103,
        0.5497590100238459,
        0.5746229192026919,
        0.6034360446099495,
        0.6354851236894057,
        0.6705740206842745,
        0.7088926899313617,
        0.7468673133557939,
        0.7659917381940347,
        0.7859789487202726,
        0.827637841875917,
        0.8845097881420545,
        0.8119147427897448,
        0.8345197449153655,
        0.7951674400498511,
        0.8006421627716818,
        0.8044385411373709,
        NaN,
        NaN,
        NaN,
        NaN,
        NaN,
        NaN,
        NaN,
        NaN,
        NaN,
        NaN
    ],
    "Z_norm_mean": [
        0.025046427316778308,
        0.06071763902603805,
        0.08491532567914782,
        0.10436866316782512,
        0.12453019186284434,
        0.14494631756228493,
        0.1670302432618352,
        0.19342779808889035,
        0.2324411652143941,
        0.3009238904995676,
        0.4603306902105641,
        0.8146811138065252,
        1.0794979954049173,
        1.593474721669531,
        2.7514155419218995,
        6.216070065213277,
        5.910447447175126,
        9.23981044427905,
        12.148028086518162,
        14.812624210679218,
        NaN,
        NaN,
        NaN,
        NaN,
        NaN,
        NaN,
        NaN,
        NaN,
        NaN,
        NaN
    ],