{
    "loss": [
        1.0214998574938092,
        0.8287684064592634,
        0.6247203068733216,
        0.5536390651975359,
        0.45235084424700056,
        0.3745153409412929,
        0.33951401564053124,
        0.3243181948321206,
        0.3145588400534221,
        0.30878246561118533,
        0.3061517096417291,
        0.30347237634658814,
        0.300954844389643,
        0.2989100113596235,
        0.2970078805088997,
        0.29591890801702225,
        0.29445875190837045,
        0.2930512580871582,
        0.29091171297005247,
        0.29013055290494644,
        0.2896606787272862,
        0.28873024683339255,
        0.2872427433090551,
        0.28517977115086146,
        0.285809191261019,
        0.28433370889936177,
        0.28395544184957233,
        0.2826911855850901,
        0.2810698060137885,
        0.2807727903638567
    ],
    "lambda": [
        0.9116647112710136,
        1.143564138003758,
        1.6153379067129323,
        0.0008116109190242631,
        0.0,
        1.923954034490245e-05,
        0.00024789977126887867,
        0.0002799151515189026,
        0.00027884840435581283,
        0.0004973291616022055,
        0.0004581307178097112,
        0.00037182930604155577,
        0.00039320636016782374,
        0.00040312566077669286,
        0.00038762714228193676,
        0.0003056115592231176,
        0.0010252989853865334,
        0.0022311571567718473,
        0.0036436159839587554,
        0.005486329587442535,
        0.006653004882058927,
        0.009229405529797077,
        0.011344893451247897,
        0.012832446215408189,
        0.013855190305837563,
        0.013899188868701458,
        0.013319784043090683,
        0.012844821002866541,
        0.012511902004480362,
        0.011729145590748107
    ],
    "Z_norm_mean": [
        0.06262706171401909,
        0.3249666317531041,
        3.518806613922119,
        2.837064430781773,
        1.8796894042151315,
        1.5171402369907925,
        1.2624173728397914,
        1.0745310433251518,
        0.9271209240640913,
        0.802509514944894,
        0.6966936058316912,
        0.6053154559135437,
        0.5271697387014117,
        0.4599545863696507,
        0.4023260747364589,
        0.3524683781351362,
        0.3100753652027675,
        0.27341900822094506,
        0.24220374437740871,
        0.21490412558828081,
        0.19252648871285574,
        0.17283807633604323,
        0.15669853688989366,
        0.14231198126929148,
        0.1310816045658929,
        0.12077853477001191,
        0.11250665902239936,
        0.1063077328971454,
        0.10033147247348513,
        0.09483876196827207
    ],
    "B_norm_mean": [
        0.0013705789768802268,
        0.0039727258261825354,
        0.023908021377665657,
        0.009836261498076575,
        0.002571825028397143,
        0.0023873879640762294,
        0.0026532394172889846,
        0.002806367156761033,
        0.002731932405914579,
        0.002756873541112457,
        0.002607650795020163,
        0.0025117801316082477,
        0.002433936885957207,
        0.0023010389538747926,
        0.002270351475537089,
        0.0022978239857724737,
        0.0022110515207584415,
        0.0021880486254979457,
        0.002152105909905263,
        0.0020912085601261683,
        0.002117727218461888,
        0.0021198007743805647,
        0.002093950065950464,
        0.0020739865630332913,
        0.00209551030503852,
        0.0020707088660980974,
        0.0021330772401498897,
        0.002081272480543703,
        0.002094527273704963,
        0.0020709912770294717
    ],
    "Hv_norm_mean": [
        0.030883775998439108,
        0.20809047671726771,
        10.760431601933071,
        3.973774741445269,
        0.8219422497068133,
        0.5329033179964338,
        0.40950842353275846,
        0.34201551621300835,
        0.2685458802495684,
        0.239057587487357,
        0.20620605741228376,
        0.18039622131415775,
        0.1570050299167633,
        0.13998101927552906,
        0.12204195687600544,
        0.11067347032683236,
        0.10292281326225826,
        0.08942818992478507,
        0.08133847439289094,
        0.0750186316370964,
        0.07202126382929938,
        0.0659216222167015,
        0.06095604684097426,
        0.05911558444585119,
        0.05519431790283748,
        0.05431217695134027,
        0.05320250240394047,
        0.05140221783944539,
        0.047342527913195744,
        0.04908462386046137
    ],
    "A_dot_Z_norm_mean": [
        0.06135804008905377,
        0.32135614340645924,
        3.497733625139509,
        2.830720210484096,
        1.8794257177625384,
        1.5170526291983468,
        1.2623145326886858,
        1.0744088374546596,
        0.9269909911836897,
        0.8023783891541617,
        0.6965674183709281,
        0.6051902938570295,
        0.5270477234976633,
        0.4598348070553371,
        0.40220546082087927,
        0.35234358528682164,
        0.30995098655564446,
        0.27329347487858363,
        0.24207689217158726,
        0.2147761859042304,
        0.19239224999291557,
        0.17270138655390058,
        0.15656116352762495,
        0.14217012187412806,
        0.1309367270214217,
        0.12062923977204731,
        0.11235256572280611,
        0.1061521075963974,
        0.10017692826475416,
        0.09467909092562539
    ],
    "g_lambda": [
        -0.004563867266489459,
        -0.04744692822865077,
        0.21976057980741773,
        0.21558130842447282,
        0.21139632858548846,
        0.08728248980641365,
        0.030027644735361847,
        0.01156878761202097,
        0.00483277013791459,
        0.0024957643289651187,
        0.001587280219952975,
        0.0009213644268789462,
        0.0007590339902256217,
        0.00024892208193029675,
        0.00018367339880205692,
        8.290893531271389e-05,
        -0.000138930186030588,
        -8.208993170410394e-05,
        -0.0001926718515210918,
        -0.000139616577886045,
        -0.00012802151923200914,
        -0.0002618320203785385,
        -0.0001686735658773354,
        -0.00012181334237435034,
        -4.4127728324383496e-05,
        4.125115355210645e-05,
        4.750507983512112e-05,
        6.77337490820459e-05,
        1.3081329209463937e-05,
        8.237272125136639e-05
    ],
    "grad_norm_mean": [
        0.45195335830960953,
        0.5420139618601117,
        2.1844782442365376,
        0.9926015994208199,
        0.6916626940454755,
        0.7082755972998482,
        0.7891282667432512,
        0.8496617695944649,
        0.7947908154896327,
        0.8426904829570225,
        0.8590454904692514,
        0.8882647365842546,
        0.8795134290967669,
        0.9010845772879464,
        0.8767885763304574,
        0.9026821577889579,
        0.9609273392813547,
        0.8859833019801548,
        0.9091428120476859,
        0.942874227796282,
        0.953374418258667,
        0.9586162563051496,
        0.9351394232000624,
        0.9236451080186027,
        0.9264773197174072,
        0.9599507097516741,
        0.964256541797093,
        0.9599464987346105,
        0.8914474472318377,
        0.9968330691201346
    ],