{
    "loss": [
        0.3399509462458747,
        0.24558586072921754,
        0.2266331799370902,
        0.20745305001735687,
        0.19776396298408508,
        0.18798154105458942,
        0.17941222324541636,
        0.16828663124889134,
        0.167364771725876,
        0.15804831476296696,
        0.15079644713657242,
        0.14451917791366578,
        0.1353291195971625,
        0.13566151525293077,
        0.13089024564198085,
        0.11957744089194706,
        0.11577972494704383,
        0.11326937352759497,
        0.1072531134464911,
        0.09943523187403168,
        0.0961339317389897,
        0.09388875980675221,
        0.08637007240738187,
        0.0877190133913287,
        0.0809795106606824,
        0.0796524811897959,
        0.06890810287850244,
        0.07056663026554244,
        0.06287131942968284,
        0.06785111045837403
    ],
    "lambda": [
        0.005842596736337457,
        0.021587217347962515,
        0.02322333673281329,
        0.02123105339067323,
        0.01749176258274487,
        0.014011495795633112,
        0.010927172271268708,
        0.009681897043117456,
        0.009879586938236441,
        0.011787637953247342,
        0.013036818822579725,
        0.015113086019243513,
        0.021542030555861336,
        0.029323723482234137,
        0.03379960869039808,
        0.03615589284471103,
        0.050065245619841985,
        0.0714349124601909,
        0.08087192576272147,
        0.12154496846880232,
        0.13264821331841606,
        0.16232608139514923,
        0.20019321479116167,
        0.22745308705738612,
        0.23173664486408233,
        0.25268989637919836,
        0.25553351514680045,
        0.24276394178186145,
        0.2510785161767687,
        0.31736283659935
    ],
    "Z_norm_mean": [
        0.09936711313043321,
        0.13612577983311244,
        0.11720911298479353,
        0.11499202397891453,
        0.11568823896135602,
        0.12136260492461068,
        0.13844925730569022,
        0.143889160326549,
        0.1690568004676274,
        0.1802832851580211,
        0.20805473014286585,
        0.22773368423325674,
        0.23525772987093244,
        0.2732016964299338,
        0.31627612352371215,
        0.2873381195408957,
        0.3143140154906682,
        0.3285902480057308,
        0.3572598220620837,
        0.3826587519305093,
        0.3508553661618914,
        0.4050970497812544,
        0.41845948532649446,
        0.5110873295920236,
        0.4865105551992144,
        0.5001447540691921,
        0.5059755013329642,
        0.5664761177471705,
        0.5873884425163269,
        0.6922490114484514
    ],
    "B_norm_mean": [
        0.021047748899885588,
        0.02862718674966267,
        0.027083892400775637,
        0.026681772641837596,
        0.028323924973607063,
        0.028584125388945853,
        0.03323630096231188,
        0.0340536534142115,
        0.03989718120225838,
        0.04181543042510748,
        0.045327171132500683,
        0.04795071808674506,
        0.05168504763713905,
        0.05678463327565363,
        0.06002070832465376,
        0.05679082813433239,
        0.06129208898118564,
        0.061845701835517373,
        0.0636711750357811,
        0.06509000616680298,
        0.06538012641508664,
        0.06884113269581991,
        0.07147820132438626,
        0.0844027876811368,
        0.07744109093770385,
        0.07844358899444341,
        0.07070169532511915,
        0.09129671608337334,
        0.0796932760606786,
        0.09071517111148153
    ],
    "Hv_norm_mean": [
        0.04297637394496373,
        0.05950042542389461,
        0.05235806867906025,
        0.05375632131951196,
        0.056586791975157605,
        0.05994714345250811,
        0.07449917909077236,
        0.07899619008387838,
        0.10179995342663356,
        0.10303240152767726,
        0.13193824752739497,
        0.14777872334207806,
        0.15660433600630078,
        0.19811380110468182,
        0.20645517572334834,
        0.19103990459442138,
        0.20676465804236277,
        0.20547711770875113,
        0.26778906091621946,
        0.24231512296199798,
        0.23958227937562124,
        0.2918626420838492,
        0.288897933449064,
        0.35442617549215044,
        0.3575161774499076,
        0.3216984090805054,
        0.35923106711251396,
        0.43820886758395605,
        0.438690504857472,
        0.49643716512407576
    ],
    "A_dot_Z_norm_mean": [
        0.09245445275306702,
        0.12970826372078487,
        0.11168286848068237,
        0.10961563519920621,
        0.1098999307496207,
        0.11569151889426367,
        0.13193858914715903,
        0.1369755391904286,
        0.16092134026118687,
        0.17240944468975067,
        0.19852916022709438,
        0.21800982056345258,
        0.22533684951918465,
        0.2614150793211801,
        0.3051388688768659,
        0.27625449909482686,
        0.302551764862878,
        0.31690051375116624,
        0.3439730593817575,
        0.3700509669780731,
        0.33849445373671394,
        0.3921241239820208,
        0.40486046484538485,
        0.4946152033124651,
        0.4726514199120658,
        0.48630755717413765,
        0.4924200426510402,
        0.549170193876539,
        0.5726591380664281,
        0.6791327545983451
    ],
    "g_lambda": [
        -0.0013142208398120212,
        -0.000774897282011807,
        3.628738424075501e-05,
        0.00025902429702026505,
        0.0003810353394863861,
        0.00023424429619418722,
        0.00023474207214478935,
        0.00014584828966430254,
        2.775693711425577e-06,
        -0.0007076178469828197,
        0.00023862796403201564,
        -0.0001941206384051059,
        -0.0005880465156265668,
        -0.0007784516944416932,
        -2.1413815873009817e-05,
        -0.0007880553311801383,
        -0.002719463391761695,
        0.00022548770319138256,
        -0.003383169342896768,
        -0.001783256639859506,
        -0.0016817174415503229,
        -0.004000156431591936,
        -0.0024778362128085323,
        -0.0005390505588480404,
        -0.0020757024995982647,
        -0.001983541898429394,
        0.0019948004558682443,
        0.0006704876553267241,
        -0.004805912370128291,
        -0.0040172152290386814
    ],
    "grad_norm_mean": [
        0.414000883102417,
        0.5120458630153111,
        0.5443592519760132,
        0.5373924091884068,
        0.5472372687203544,
        0.5368293903895787,
        0.5635564633096968,
        0.5505469556365694,
        0.6110239753382547,
        0.5981488496235439,
        0.6088884544372558,
        0.6045053582872664,
        0.6155186548233033,
        0.6579191094807216,
        0.6456805932181222,
        0.6166666055406843,
        0.6439608662469046,
        0.6383137243815831,
        0.6409831960882459,
        0.6035257904188973,
        0.6185734216145107,
        0.6354757874778338,
        0.6204395115716117,
        0.6615069799763815,
        0.6508911096709116,
        0.6352768641199384,
        0.5798545829909189,
        0.6793386140210288,
        0.5993101721065385,
        0.6368120107650757
    ],