{
    "loss": [
        0.903115423027574,
        0.7532175685387317,
        0.6263241432565674,
        0.5333561180494906,
        0.4689312243091985,
        0.4211461647841464,
        0.37966679365294953,
        0.34366635296796716,
        0.31093039476778533,
        0.28199326848169265,
        0.25912272185363866,
        0.24263933603089846,
        0.23135089476977058,
        0.22328203305674008,
        0.21749612378462113,
        0.21508450990399594,
        0.2132199973399162,
        0.21203283996020733,
        0.21129646540971836,
        0.21019914584712296,
        0.21049151741413658,
        0.210202408930293,
        0.20975543238219832,
        0.20996201219852645,
        0.2092000661211035,
        0.20940833926931263,
        0.20940334606338867,
        0.2094624357742755,
        0.20886908297285553,
        0.20873652276300472
    ],
    "lambda": [
        0.0,
        0.0,
        0.0,
        0.0,
        0.0,
        0.0,
        0.0,
        0.0,
        0.0,
        0.0,
        0.0,
        0.0,
        0.0,
        0.0,
        0.0,
        0.0,
        0.0,
        0.0,
        0.0,
        0.0,
        0.0,
        0.0,
        0.0,
        0.0,
        0.0,
        0.0,
        0.0,
        0.0,
        0.0,
        0.0
    ],
    "Z_norm_mean": [
        0.035159495171896815,
        0.04737018551739715,
        0.06247743683933902,
        0.07956324282561895,
        0.08677807169479816,
        0.08441490578443377,
        0.08091692153102972,
        0.0802322733957795,
        0.08205779362435328,
        0.08467106677168504,
        0.08680959040907028,
        0.08836717432177381,
        0.0887976037583916,
        0.08894551815682966,
        0.08843798843560677,
        0.08769141602396655,
        0.08669808180777946,
        0.08582104251170486,
        0.08506881473866086,
        0.08456993270409492,
        0.08390079399953311,
        0.08348905763250278,
        0.08324520200258553,
        0.08271779020369119,
        0.08247177348210384,
        0.08227232187665443,
        0.08186450674216897,
        0.08153253062214942,
        0.0813171645129121,
        0.08102923430532848
    ],
    "B_norm_mean": [
        0.0012038553370846898,
        0.000853524738242293,
        0.0009450757093769089,
        0.0008852544544206575,
        0.000750476520714643,
        0.0006296897782642233,
        0.0005806452060431986,
        0.0005690391126427366,
        0.000560601886601844,
        0.0005731007268059566,
        0.0005701362766893329,
        0.0005690566676669168,
        0.0005664101203006471,
        0.0005688180778150693,
        0.0005367861086417251,
        0.000514679713654714,
        0.0005509994904701922,
        0.0005257763240449725,
        0.0005149947596258096,
        0.0004923893066574092,
        0.0004919769175919903,
        0.0004789098177168821,
        0.0004776637694105711,
        0.000468939045595259,
        0.00045917066952958565,
        0.00046168789894790745,
        0.00045920460600083616,
        0.0004338991461768525,
        0.00045450966644148915,
        0.00044077122408908443
    ],
    "Hv_norm_mean": [
        0.19853747806228583,
        0.2393763001594586,
        0.2448123294515677,
        0.23669938287724362,
        0.22868754217007592,
        0.2017408053294195,
        0.16197339878886152,
        0.13171085534355165,
        0.1196353220437213,
        0.11675085747635944,
        0.1136764336641597,
        0.11564139952634818,
        0.11308143003209126,
        0.10903776324441608,
        0.10590320190907941,
        0.09709782651087806,
        0.09684341807835527,
        0.08798523219022174,
        0.08261961118908474,
        0.07832007478636258,
        0.0735659015154334,
        0.07398294757344756,
        0.0681518298175049,
        0.06632055504322937,
        0.06390297804076212,
        0.06182364765326418,
        0.060246620552716006,
        0.05957709329747109,
        0.05826555356256058,
        0.05687042150882996
    ],
    "A_dot_Z_norm_mean": [
        0.034003310261043175,
        0.04664860712831188,
        0.06174317477606417,
        0.07892738434292772,
        0.0862962434001231,
        0.08407598823818008,
        0.08066598198148693,
        0.08002762651680306,
        0.08186861289463829,
        0.08448618830268462,
        0.08663223835169671,
        0.08820040446263107,
        0.0886434338214979,
        0.0888014252118094,
        0.08830661967402269,
        0.08757345967694724,
        0.08658999772074936,
        0.08572213602108093,
        0.08497742701265124,
        0.08448433946310434,
        0.08382133075485343,
        0.08341329536206032,
        0.083174396351926,
        0.08265030254031308,
        0.08240699929638597,
        0.08221020371087015,
        0.0818046091094674,
        0.08147448419174473,
        0.08126050390156503,
        0.08097383130384651
    ],
    "g_lambda": [
        -0.008331273558002825,
        -0.01439407489733197,
        -0.01280777015426911,
        -0.007105875026117879,
        -0.0026678745844946105,
        -0.0013517943076717445,
        -0.0015163853718452032,
        -0.001991391951678894,
        -0.00232948152397853,
        -0.0022648547212684904,
        -0.0020041660980379913,
        -0.0015230603916228172,
        -0.0010807299919476931,
        -0.0006258323015451481,
        -0.0002820166422267203,
        -0.00011627228088796932,
        -2.1741239957835124e-05,
        7.821298609849106e-05,
        0.00010854719770654505,
        0.00014782283050338387,
        0.00012341432388355064,
        0.00016224014993678265,
        0.00015220913671486555,
        0.000137304125120993,
        0.0001943542439787712,
        0.0001877176718714988,
        0.00024030813812608048,
        0.00015273502420231483,
        0.0002348239795807846,
        0.0002019341450822512
    ],
    "grad_norm_mean": [
        1.089528964701701,
        0.9801642342300784,
        0.9491338548366349,
        0.9860302768716837,
        0.9237079330859377,
        0.926416132558999,
        0.9503338679123492,
        0.942731566558396,
        0.9667616378318143,
        0.899376434594603,
        0.8451680571803629,
        0.848033446518409,
        0.9344036271038261,
        0.9291231650824534,
        0.9554862692990889,
        0.883020442522816,
        0.8533253128803931,
        0.9123974883153542,
        0.9181400804416955,
        0.9733138271215632,
        0.9157702189770234,
        0.9890986583155856,
        0.8636122395281361,
        0.9722603566576635,
        0.8833700254244119,
        0.9441653747254041,
        0.8823263753624685,
        1.0012409201883004,
        0.8564518600248555,
        0.9110295778307116
    ],
    "val_loss": [
        0.862214949069085,
        0.7103121833367781,
        0.5847129782298943,
        0.49485995096045654,
        0.43096881767178513,
        0.3802943013729407,
        0.3389399674938774,
        0.30156736056284084,
        0.27015245704300844,
        0.2446727717966567,
        0.22645216051099049,
        0.21299776787621683,
        0.2032939555167293,
        0.19803631045166162,
        0.19418507904311727,
        0.19445527129286488,
        0.19273494565390753,
        0.19204613754023833,
        0.19136315720524735,
        0.19141922403881387,
        0.19140688807054576,
        0.19464857415023998,
        0.19107678225890443,
        0.19069270711254582,
        0.19363705315734053,
        0.19155454471489633,
        0.19099178290993954,
        0.19261980156887432,
        0.1912345551244624,
        0.19104561814917373
    ],