{
    "model_0": {
        "train_loss": [
            0.9754975115349146,
            0.8911133570361224,
            0.8152536898313446,
            0.739141461565176,
            0.6634256898065767,
            0.5939486591394197,
            0.533568653001682,
            0.4836752940171032,
            0.44184834429933706,
            0.4068699372374194,
            0.375997433378378,
            0.34811216859610933,
            0.32303477344960513,
            0.300419392030592,
            0.2803055219056374,
            0.26464038652633504,
            0.2515197082116716,
            0.2412908815304725,
            0.23378609276850731,
            0.22834367948964185,
            0.22428893909557632,
            0.2215509363029838,
            0.2195076264736885,
            0.21797467457796263,
            0.21714535233991672,
            0.21637653232911863,
            0.21574291753639813,
            0.21498444367617045,
            0.2146803419404942,
            0.21447136308527165,
            0.21377545074435347,
            0.21382604443639625,
            0.2135347313398919,
            0.2130432759488963,
            0.2128713153329567,
            0.2126133063317206,
            0.2126972916109037,
            0.212311968293431,
            0.21186811473180242,
            0.21174212352033125,
            0.21177449295236747,
            0.21180794773764558,
            0.21157914216122473,
            0.21141674506750346,
            0.21115182217492953,
            0.2109923164874638
        ],
        "val_loss": [
            1.0006094396888436,
            0.9176069575470763,
            0.8319456499892396,
            0.7407861437116351,
            0.6549198077870654,
            0.5779590722802398,
            0.5135900548526219,
            0.458650571185273,
            0.41455014727332373,
            0.37665376260683137,
            0.3440205845739934,
            0.31633016080051274,
            0.2918738393814533,
            0.270863746280794,
            0.2520446688323826,
            0.23812610143190854,
            0.2270470964057105,
            0.21898088110731795,
            0.21370394140868992,
            0.20930558462421617,
            0.2067964156339695,
            0.204244157130068,
            0.20324025874014023,
            0.2043160620060834,
            0.20205368507992139,
            0.20099293295439188,
            0.20121695875347434,
            0.20358560166575693,
            0.20040810766158165,
            0.2012078394363453,
            0.2001400108074213,
            0.20008243813917234,
            0.19972213870519168,
            0.20021714444284316,
            0.20066776562046695,
            0.19970650216201682,
            0.19951545089096218,
            0.19978043533764878,
            0.199287856167013,
            0.20195418576915541,
            0.19901305630609586,
            0.19916677978131678,
            0.20008911482699507,
            0.19970424802272352,
            0.19932750506060465,
            0.19927526487932576
        ]
    },
    "model_1": {
        "train_loss": [
            0.936676259677763,
            0.7941331938716049,
            0.6863013505935669,
            0.6039547653835172,
            0.546042556797124,
            0.50405348823389,
            0.4717436844583883,
            0.44330295675067694,
            0.4160053891825762,
            0.38990161782567684,
            0.36474913883725657,
            0.3411005663312299,
            0.31848981832339013,
            0.29794072757343953,
            0.2793981282504457,
            0.26371696791493937,
            0.2504152801277835,
            0.23952253054195363,
            0.23163033862621776,
            0.22552961042211375,
            0.22067867098947724,
            0.21732238558010072,
            0.2149010877639378,
            0.21307552507422892,
            0.2119282081777008,
            0.21114688795396136,
            0.21026870319989613,
            0.20973172252358943,
            0.20937271379606817,
            0.2091662189482782,
            0.2085848510050171,
            0.20813451846153727,
            0.20803994521337296,
            0.2078135216924688,
            0.20770644891993664,
            0.20759009908252674,
            0.20755945620554017
        ],
        "val_loss": [
            0.9218427670466436,
            0.7841311073922491,
            0.6731311152507733,
            0.5888776082497138,
            0.5276558360496124,
            0.48197078317790837,
            0.44650252685918435,
            0.41478455840767203,
            0.386144516529975,
            0.3590223239613818,
            0.33376297780445646,
            0.30990579763016146,
            0.2882874851877039,
            0.2688000091871658,
            0.25246001257524864,
            0.23821522160009903,
            0.22779353485478984,
            0.21897915412079205,
            0.21303272324723083,
            0.2084167396480387,
            0.20492176924433028,
            0.20338581695959165,
            0.20215249080936631,
            0.20157153536747027,
            0.20069473614166308,
            0.20022938081196376,
            0.19997621163145288,
            0.20046434754675085,
            0.2000540549104864,
            0.19988759384526836,
            0.19944834476941592,
            0.19942453174622027,
            0.20040921750780824,
            0.1999295690617004,
            0.1997676654295488,
            0.2005233226658462,
            0.20005728555964186
        ]
    },
    "model_2": {
        "train_loss": [
            0.9282290287181358,
            0.7985051754149289,
            0.6851478290902148,
            0.5963348306043054,
            0.5345682619711122,
            0.4925894966839883,
            0.46172412750092656,
            0.43491863008010256,
            0.4102334620289854,
            0.3877535051817498,
            0.3657458416391366,
            0.3445105953337053,
            0.3244228910668232,
            0.30593096878554416,
            0.28969529101134206,
            0.27517158188974816,
            0.262921959269348,
            0.25267311190439906,
            0.24438605616239004,
            0.23743869298631964,
            0.23261286394690778,
            0.22876186992717565,
            0.2256921529662308,
            0.2230662095094846,
            0.22123931837856553,
            0.21989001468200545,
            0.21875586612990616,
            0.21796732516925688,
            0.21726895239379002,
            0.21661007724944434,
            0.2159153844152547,
            0.2157133282737181,
            0.21538646272803902,
            0.2146669679923178,
            0.2144658877961472,
            0.21409683570749924,
            0.21362942433529383,
            0.21341474178896053,
            0.2130326708624079,
            0.21274421628201481,
            0.21223692179048964,
            0.21234969249270882,
            0.21196907921173083,
            0.21175934711087913
        ],