{
    "train_loss": [
        0.9787536539325645,
        0.9090803107630044,
        0.8485267240648235,
        0.7919781657762907,
        0.738763130873119,
        0.6889468710345051,
        0.6434338791490892,
        0.6027806212755747,
        0.5663465938843545,
        0.534509234135762,
        0.5064089302982234,
        0.48166984399303203,
        0.4594890234702761,
        0.43954623150050853,
        0.42084267023238037,
        0.4039363461280988,
        0.3874306144697141,
        0.372004712789928,
        0.3574199453157638,
        0.34378254854722146,
        0.3306740053724296,
        0.31825550178112966,
        0.30678103551107194,
        0.2958240401282207,
        0.2860338932555505,
        0.2769031052662577,
        0.26861245400853967,
        0.26105048049658214,
        0.2545473030543069,
        0.24844031607200953,
        0.24335372867567015,
        0.23870236266821301,
        0.2348467491378853,
        0.23139520490858098,
        0.22847343770390383,
        0.2261173788767429,
        0.22395941361193192,
        0.22222374658291952,
        0.22064020432504935,
        0.21950906622711072,
        0.21828009513095828,
        0.21756496311094786,
        0.21663723889240719,
        0.21616229208367826,
        0.21549349022686265,
        0.21503750991197268,
        0.21463052136588182,
        0.21431897240640455,
        0.21405625107701504,
        0.21372532314126672,
        0.21342925975899404,
        0.21329060452939802,
        0.21310078862126552,
        0.2128435483908395,
        0.2127020579167652,
        0.21268638319702354,
        0.2124194289695485
    ],
    "task": [
        0.9838056284598065,
        0.9120716047631274,
        0.8508011943596795,
        0.7941111479855617,
        0.7410173017625774,
        0.691423162527463,
        0.6461100282436674,
        0.6055498360941987,
        0.5691666972120747,
        0.5372848756907218,
        0.5090937709980493,
        0.4842780484619554,
        0.46193232609476853,
        0.441863865241247,
        0.4230418228070228,
        0.4060077353505021,
        0.38941075330606867,
        0.37390537332972035,
        0.3592514228734729,
        0.3455917231657875,
        0.3324239152863568,
        0.31998635363707906,
        0.3084711860878803,
        0.29748206558748275,
        0.28766634036057265,
        0.2785087570709442,
        0.27017255279131314,
        0.262573814349054,
        0.25603352591449174,
        0.24987745585209195,
        0.24474358945977387,
        0.24005079772928561,
        0.23614981927596274,
        0.23265424670940701,
        0.22969325813145414,
        0.22729203286261335,
        0.22509457385066614,
        0.22332470453603173,
        0.22170283302718552,
        0.22054677141917742,
        0.21928570961263635,
        0.21853764513339377,
        0.21759100995339212,
        0.21708984974274137,
        0.21640307815066315,
        0.2159223089472051,
        0.21549694058266788,
        0.21517104625917083,
        0.21489336809096354,
        0.21454273450460676,
        0.21423661327964563,
        0.21408240590715236,
        0.2138823829187813,
        0.21360880551785769,
        0.2134585657059501,
        0.2134325969950817,
        0.21315589314763728
    ],
    "penalty": [
        0.030435835579511062,
        0.018021249254688027,
        0.013702725383725408,
        0.012850246442623087,
        0.013580391144494287,
        0.01491852751411901,
        0.016122560190299142,
        0.01668323569322536,
        0.01698985266825352,
        0.01672202084173149,
        0.016174954656067737,
        0.015713240313158783,
        0.014719739270527655,
        0.013962686746398034,
        0.013248910800644637,
        0.01247918858707274,
        0.011929468768194909,
        0.011450608480815853,
        0.011033855854711809,
        0.01089947098119702,
        0.01054243227392973,
        0.010427601049092702,
        0.010182430522536543,
        0.009988857794297517,
        0.009834757258960916,
        0.009673340595075155,
        0.009398903043449786,
        0.00917742143818833,
        0.008953835513267921,
        0.00865810652253376,
        0.0083732908820256,
        0.008123720735849457,
        0.00785041284118695,
        0.0075851632167823905,
        0.007348876355370567,
        0.007076763595027399,
        0.006838824252668593,
        0.006632777350191498,
        0.006401862900045159,
        0.0062517042702151335,
        0.0060583707879865644,
        0.005859982289898374,
        0.005746047777570919,
        0.0055881312275002796,
        0.0054798589040952255,
        0.005330508647802612,
        0.0052198019806658745,
        0.0051333582731441256,
        0.005043255864383673,
        0.004924563057586174,
        0.004863951623856699,
        0.004770258965394342,
        0.004708751717696659,
        0.00461034371352852,
        0.004557632801159947,
        0.004495613142807668,
        0.004436867441040622
    ],
    "val_loss": [
        1.0006119105722997,
        0.9368917779488997,
        0.8734220142488356,
        0.8110648827119307,
        0.750576996958101,
        0.6938581815013638,
        0.6422107529330563,
        0.5955903088891661,
        0.5545037442987616,
        0.5183023140802012,
        0.4868733956442251,
        0.45979431465074616,
        0.4354609076852922,
        0.4133869262484761,
        0.3926701955981069,
        0.3740331813112482,
        0.35709737415437576,
        0.34029713969726066,
        0.32559933755304904,
        0.3109625097993132,
        0.2975845712345916,
        0.28550255279262343,
        0.2740911736890867,
        0.26328439352574284,
        0.2539640291557684,
        0.24550731073726306,
        0.2377621844991461,
        0.23103425603408317,
        0.2253347488192769,
        0.22009550712325357,
        0.2154423412564513,
        0.2116061853510993,
        0.2086786027852591,
        0.20593993849568554,
        0.20415188062500644,
        0.20206001846047192,
        0.20037469035619265,
        0.1995909616544649,
        0.19901190582033876,
        0.19797140630808743,
        0.19773810792278934,
        0.19688154563501284,
        0.19682913786405093,
        0.19570869942764182,
        0.19568369914959002,
        0.19575481232884642,
        0.19540930723215078,
        0.19543378809829812,
        0.19537763355614304,
        0.19533672367597554,
        0.19514910296186225,
        0.19507518371978363,
        0.19522470835741465,
        0.19529569149017334,
        0.1955417057910523,
        0.1954208008654706,
        0.195585663829531
    ],