{
    "loss": [
        0.3511628167799541,
        0.2533184771537781,
        0.2298508927140917,
        0.21235881003311702,
        0.20214623960426875,
        0.19370216636998314,
        0.1847811613508633,
        0.17489770151674747,
        0.17181502806075982,
        0.16378297594189645,
        0.15625666245818137,
        0.15080354029791695,
        0.1416276308127812,
        0.13991635630811963,
        0.13609231972694397,
        0.12444618304712432,
        0.12151387065649033,
        0.11930710888547556,
        0.11560369416858468,
        0.10745273325485842,
        0.10317542925902776,
        0.1031414759031364,
        0.09517854745473181,
        0.09609299025045974,
        0.09133001965284347,
        0.08947633855683464,
        0.07797291515448264,
        0.08365295773318836,
        0.07332762209326028,
        0.07905318779604775,
        0.06948620351510389,
        0.06401038930565119,
        0.06330787483709199,
        0.06432440981268883,
        0.05946039636113814,
        0.054188900907656976,
        0.051074318645255905,
        0.0476467008633273,
        0.04243674759460347,
        NaN,
        NaN,
        NaN,
        NaN,
        NaN,
        NaN,
        NaN,
        NaN,
        NaN,
        NaN,
        NaN
    ],
    "lambda": [
        0.9663184899602617,
        0.6594604774883815,
        0.4799364427839007,
        0.3855238676071167,
        0.19932639979464667,
        0.03030729437513011,
        0.0003458508985516216,
        0.0006103463236941024,
        0.000992580163691725,
        0.0008120250324053424,
        0.0019142961874604224,
        0.0020679671476994243,
        0.0021870383328225994,
        0.0014174182404364858,
        0.001348235320565956,
        0.0022047937178784715,
        0.001999803181471569,
        0.003320174664258957,
        0.002139452991807567,
        0.0011939158327378598,
        0.00432708213132407,
        0.002752823659351894,
        0.005712893323972821,
        0.00629211035157953,
        0.0058536072184464764,
        0.0034288032329641283,
        0.006125420306277062,
        0.008414122651314497,
        0.11710529690129416,
        0.05344826993732048,
        0.019273722029956322,
        0.015498651750385761,
        0.017542338608631067,
        0.11034887505854879,
        0.0400930181214852,
        0.06587387279953276,
        0.2118250850119761,
        0.14762670348371779,
        0.5000808219696794,
        NaN,
        NaN,
        NaN,
        NaN,
        NaN,
        NaN,
        NaN,
        NaN,
        NaN,
        NaN,
        NaN
    ],
    "Z_norm_mean": [
        0.9858839847275189,
        4.142706716809954,
        4.157527985709054,
        4.274081734793527,
        4.385066865648542,
        4.290607099805559,
        4.327055708203997,
        4.4316274893624445,
        4.594144985198975,
        4.778105478014265,
        4.931736240386963,
        5.17995323399135,
        5.466982783181327,
        5.775435129983085,
        6.124410578046526,
        6.425303293500628,
        6.801652427128383,
        7.208468696594238,
        7.627048231397357,
        8.021477208818709,
        8.684084114074707,
        9.299851922171456,
        9.967223358154296,
        10.26668145098005,
        10.853202320643833,
        11.431979057312011,
        11.873956462315151,
        12.619813284737724,
        13.362797949654716,
        14.089508247375488,
        15.015251793997628,
        15.948700840541294,
        16.97050701904297,
        17.685009530203683,
        19.598986628941127,
        22.167204535348073,
        24.976310076032366,
        29.09549254499163,
        33.48873294939314,
        NaN,
        NaN,
        NaN,
        NaN,
        NaN,
        NaN,
        NaN,
        NaN,
        NaN,
        NaN,
        NaN
    ],
    "B_norm_mean": [
        0.028188296456422124,
        0.04682032330121313,
        0.0399824278482369,
        0.03216642432979175,
        0.029213460585900717,
        0.025689846073942525,
        0.02757924858374255,
        0.027869569313113712,
        0.031292736530303955,
        0.03186993527093104,
        0.03479024691773312,
        0.03411198540457657,
        0.0386235919041293,
        0.039928837589919566,
        0.04264672174198287,
        0.040839475985084264,
        0.044983984159571784,
        0.049110565267503264,
        0.04745129130301731,
        0.04901919584827764,
        0.04871166731417179,
        0.05136944011898179,
        0.050828147643378806,
        0.05870025555792797,
        0.05807071243013654,
        0.054738902747631074,
        0.049900569255330735,
        0.06980138255708984,
        0.056231954033020885,
        0.06278831692306058,
        0.05379281223884651,
        0.0588256847821176,
        0.05839031762204,
        0.06352637939953379,
        0.06341244545153209,
        0.05928636039134913,
        0.05571593318560294,
        0.0477166480693434,
        0.05072231137113912,
        NaN,
        NaN,
        NaN,
        NaN,
        NaN,
        NaN,
        NaN,
        NaN,
        NaN,
        NaN,
        NaN
    ],
    "Hv_norm_mean": [
        0.6402342405234064,
        1.4969538627352033,
        0.9698367287772043,
        0.7851388940811157,
        0.6373571150643484,
        0.5551462685721261,
        0.5506919947351728,
        0.5283926565647126,
        0.5770707528931754,
        0.5800019957678658,
        0.5993940258026123,
        0.6212895356587002,
        0.6836439962387085,
        0.725389100755964,
        0.77738323198046,
        0.784786448614938,
        0.83228463104793,
        0.9139961596216474,
        1.0269673553194318,
        1.0185697607312885,
        1.1167941919054303,
        1.2741552957126072,
        1.3521835245404925,
        1.3912240750449045,
        1.439548760822841,
        1.5275372870309012,
        1.4694302948202405,
        2.1609463167871747,
        2.235982202257429,
        2.707282044819423,
        2.606653583526611,
        3.1066124237605504,
        3.5257619765145436,
        3.107926662990025,
        5.494355560575213,
        7.409951848438808,
        7.56340771484375,
        11.08806948525565,
        13.435512678963798,
        NaN,
        NaN,
        NaN,
        NaN,
        NaN,
        NaN,
        NaN,
        NaN,
        NaN,
        NaN,
        NaN
    ],
    "A_dot_Z_norm_mean": [
        0.9761581875341279,
        4.132045883723667,
        4.153162289210728,
        4.271774608612061,
        4.3838093387058805,
        4.290059764317104,
        4.326617949894496,
        4.431207616533552,
        4.5937230355399,
        4.777702729361398,
        4.931269666399275,
        5.179578508104597,
        5.466551688058035,
        5.77497897883824,
        6.123854744502476,
        6.42483586883545,
        6.801156916482108,
        7.20783266721453,
        7.626570063999721,
        8.02099543108259,
        8.683646876743861,
        9.299285140991211,
        9.966759381975447,
        10.266171263558524,
        10.852712297712053,
        11.4314989427839,
        11.873549522399902,
        12.619281911577497,
        13.36216236441476,
        14.088958889552526,
        15.014871503557478,
        15.948432846069336,
        16.970363869803293,
        17.684760323660715,
        19.598583864484514,
        22.16648538861956,
        24.975972274780272,
        29.095194187709264,
        33.488717594691686,
        NaN,
        NaN,
        NaN,
        NaN,
        NaN,
        NaN,
        NaN,
        NaN,
        NaN,
        NaN,
        NaN
    ],