{
    "sweep_lambda_init=0.0__lambda_lr=0.0": {
        "mse": 2.4983744621276855,
        "rmse": 1.5806246995925903,
        "mae": 1.228586196899414,
        "pairwise_pearson_correlation": 0.9877754485417968,
        "mean_variance_around_ensemble": 0.007261606950323925,
        "time_in_seconds": 21.065113231015857,
        "params": {
            "lambda_init": 0.0,
            "lambda_lr": 0.0
        }
    },
    "sweep_lambda_init=0.0__lambda_lr=0.05": {
        "mse": 2.4925942420959473,
        "rmse": 1.5787951946258545,
        "mae": 1.2269079685211182,
        "pairwise_pearson_correlation": 0.9856789700939624,
        "mean_variance_around_ensemble": 0.008689017338145824,
        "time_in_seconds": 22.2779217089992,
        "params": {
            "lambda_init": 0.0,
            "lambda_lr": 0.05
        }
    },
    "sweep_lambda_init=0.0__lambda_lr=0.1": {
        "mse": 2.468369960784912,
        "rmse": 1.571104645729065,
        "mae": 1.220955729484558,
        "pairwise_pearson_correlation": 0.9749503912213583,
        "mean_variance_around_ensemble": 0.0323749500617121,
        "time_in_seconds": 22.493049566051923,
        "params": {
            "lambda_init": 0.0,
            "lambda_lr": 0.1
        }
    },
    "sweep_lambda_init=0.5__lambda_lr=0.0": {
        "mse": 2.4855356216430664,
        "rmse": 1.5765581130981445,
        "mae": 1.2252435684204102,
        "pairwise_pearson_correlation": 0.977852690146869,
        "mean_variance_around_ensemble": 0.014097813498057027,
        "time_in_seconds": 23.79477338003926,
        "params": {
            "lambda_init": 0.5,
            "lambda_lr": 0.0
        }
    },
    "sweep_lambda_init=0.5__lambda_lr=0.05": {
        "mse": NaN,
        "rmse": NaN,
        "mae": NaN,
        "pairwise_pearson_correlation": 0.0,
        "mean_variance_around_ensemble": NaN,
        "time_in_seconds": 26.480273420980666,
        "params": {
            "lambda_init": 0.5,
            "lambda_lr": 0.05
        }
    },
    "sweep_lambda_init=0.5__lambda_lr=0.1": {
        "mse": 2.5479063987731934,
        "rmse": 1.5962163209915161,
        "mae": 1.2324447631835938,
        "pairwise_pearson_correlation": 0.8107760165560632,
        "mean_variance_around_ensemble": 3.7694877096193973,
        "time_in_seconds": 27.24591686000349,
        "params": {
            "lambda_init": 0.5,
            "lambda_lr": 0.1
        }
    },
    "sweep_lambda_init=0.9__lambda_lr=0.0": {
        "mse": 2.4712753295898438,
        "rmse": 1.5720289945602417,
        "mae": 1.2220441102981567,
        "pairwise_pearson_correlation": 0.9237545237882865,
        "mean_variance_around_ensemble": 0.06555203627637617,
        "time_in_seconds": 24.443707072990946,
        "params": {
            "lambda_init": 0.9,
            "lambda_lr": 0.0
        }
    },
    "sweep_lambda_init=0.9__lambda_lr=0.05": {
        "mse": 2.611816883087158,
        "rmse": 1.6161116361618042,
        "mae": 1.2598758935928345,
        "pairwise_pearson_correlation": 0.9647913266562979,
        "mean_variance_around_ensemble": 0.02018682494613396,
        "time_in_seconds": 23.967996094026603,
        "params": {
            "lambda_init": 0.9,
            "lambda_lr": 0.05
        }
    },
    "sweep_lambda_init=0.9__lambda_lr=0.1": {
        "mse": NaN,
        "rmse": NaN,
        "mae": NaN,
        "pairwise_pearson_correlation": 0.0,
        "mean_variance_around_ensemble": NaN,
        "time_in_seconds": 23.940213847032283,
        "params": {
            "lambda_init": 0.9,
            "lambda_lr": 0.1
        }
    },
    "_sweep_time_seconds": 216.21018407301744
}